Прізвище;Ім'я;По батькові;Стать;Дата народження;Посада;Місто;Адреса;Телефон;Email
Луценко;Орися;Романівна;Жіноча;24.05.1984;Історик;хутір Українка;узвіз Артилерійський 2-й, буд. 9, Мена, 66406;636 82 41;vshylo@example.org
Дергач;Яків;Андрійович;Чоловіча;24.05.1984;Будник;селище Чернігів;узвіз Байкал тупик, буд. 4, Вишневе, 90933;011 513-24-08;rakihnat@example.org
Ніколюк;Соломія;Олександрівна;Жіноча;21.01.1963;Археолог;селище Вільногірськ;парк Заводська 5-та, буд. 01, Генічеськ, 36179;891-93-28;zorian48@example.org
Михайлюк;Петро;Миколайович;Чоловіча;10.09.1949;Агроном;хутір Березне;провулок Перший Кришталевий, буд. 632 кв. 69, Сновськ, 34148;+380 93 183-33-20;badamchuk@example.org
Ящук;Ярема;Дмитрович;Чоловіча;14.04.1997;Скульптор;хутір Запоріжжя;вулиця Суперфосфатна, буд. 9 кв. 778, Київ, 86868;+380 83 739-71-18;uzabashta@example.org
Зубко;Богуслава;Ігорівна;Жіноча;21.10.1952;Електромонтер;хутір Бердичів;набережна Шостої 1-й, буд. 2, Ізмаїл, 39688;+380 99 353-14-86;mykhailiukvira@example.net
Ніколюк;Аліна;Петрівна;Жіноча;18.12.1977;Головний меркшейдер;село Городенка;провулок Лодочний, буд. 341, Теребовля, 14519;652 83 83;ushynkarenko@example.org
Христич;Єва;Богданівна;Жіноча;02.11.1987;Машиніст;хутір Лисичанськ;вулиця Кривобалківська, буд. 79 кв. 32, Таврійськ, 20590;+380 34 012-67-70;anton06@example.net
Кащенко;Орест;Григорович;Чоловіча;08.01.1979;Вчитель;село Помічна;сквер Лютневий 1-й, буд. 9, Баштанка, 49999;+380 (21) 793-19-23;izhakevychviktoriia@example.com
Єрченко;Едита;Віталіївна;Жіноча;09.03.1966;Хореограф;місто Новгород-Сіверський;провулок Мигдальна, буд. 685, Ананьїв, 94855;055 304-20-51;veniiamynhaida@example.com
Демиденко;Аркадій;Дмитрович;Чоловіча;18.08.1999;Правник;хутір Макіївка;узвіз Дача Ковалевського, буд. 8 кв. 9, Ямпіль, 16290;+380 90 112-91-64;upetrenko@example.org
Демʼяненко;Дарина;Євгенівна;Жіноча;20.05.1964;Дипломат;селище Одеса;парк Одеської громади, буд. 561, Прилуки, 79626;810-73-13;mazuralevtyn@example.net
Токар;Емілія;Іванівна;Жіноча;26.04.1951;Мінералог;місто Рудки;шосе Залізнична, буд. 079, Залізне, 20958;303 23 11;iaroslava28@example.org
Ґерета;Віолетта;Олександрівна;Жіноча;04.12.2003;Палеонтолог;селище Хуст;набережна Вчительської, 2-й, буд. 941 кв. 064, Скадовськ, 06700;618 88 65;olenaromanets@example.org
Тимчук;Надія;Андріївна;Жіноча;27.09.1985;Ді-джей;село Київ;провулок Онілової, буд. 9 кв. 51, Чуднів, 78695;+380 (77) 681-66-54;komarsymon@example.org
Їжак;Ганна;Іванівна;Жіноча;12.01.1998;Фотограф;хутір Семенівка;сквер Тарутинська, буд. 17 кв. 058, Брянка, 26892;+380 37 175-65-84;volodymyra15@example.net
Вишиваний;Єфрем;Іванович;Чоловіча;03.11.1959;Інженер;хутір Середина-Буда;проспект Путівна, буд. 3 кв. 241, Галич, 33399;+380 98 438-90-72;emiliia72@example.net
Панчук;Еріка;Миколаївна;Жіноча;16.10.1975;Клавішник;місто Кам'янка-Дніпровська;парк Перепечка, буд. 10, Снятин, 07686;037 76 52;mykolaiarsenych@example.org
Архипенко;Орест;Степанович;Чоловіча;02.04.2007;Стоматолог;село П'ятихатки;шосе Шахтинський, буд. 566, Хотин, 27343;+380 (71) 445-78-03;svitlanaisaienko@example.com
Арсенич;Юстина;Андріївна;Жіноча;11.07.1974;Вчитель;селище Брянка;узвіз Пісочний, буд. 4 кв. 648, Мар'їнка, 24117;838-83-99;iurchyshynahavrylo@example.org
Саченко;Давид;Петрович;Чоловіча;26.03.2008;Золотар;місто Тростянець;вулиця Чорноморський 5-й, буд. 8, Хутір-Михайлівський, 14368;+380 21 384-59-60;liliia31@example.org
Примаченко;Альберт;Тарасович;Чоловіча;08.12.2003;Економіст;село Рівне;парк Грузинська, буд. 2 кв. 728, Олевськ, 94547;037 133 33 32;svertyporokh@example.org
Баран;Орина;Юріївна;Жіноча;08.03.1952;Етнограф;селище Бобринець;узвіз Слави, буд. 97, Баранівка, 06122;509-35-20;kostiantyn52@example.com
Голик;Ростислав;Євгенович;Чоловіча;21.03.2006;Піаніст;селище Білопілля;узвіз Трудовий, буд. 273, Кам'янка-Дніпровська, 31155;+380 (54) 065-73-19;olena59@example.org
Дробʼязко;Світлана;Степанівна;Жіноча;14.06.1977;Реставратор;місто Березне;парк Покровський, буд. 165, Бунге, 54956;+380 70 786 77 27;volodymyr28@example.net
Євтушок;Дмитро;Тарасович;Чоловіча;18.09.1990;Кінолог;місто Вуглегірськ;проспект Бахмутська, буд. 239 кв. 5, Роздільна, 93705;+380 64 525-96-34;khomadanchuk@example.net
Артюшенко;Орхип;Сергійович;Чоловіча;18.02.2009;Будник;хутір Старий Самбір;сквер Просвіти, буд. 967, Христинівка, 12880;034 627-96-60;semensych@example.com
Жаліло;Євген;Петрович;Чоловіча;01.08.1966;Державний службовець;місто Баранівка;узвіз Дністровська, буд. 82, Молочанськ, 14453;088 822-02-35;feofan94@example.org
Якимчук;Микита;Іванович;Чоловіча;03.06.2008;Дизайнер;хутір Угнів;парк Літературна, буд. 19, Феодосія, 89979;+380 70 194 81 09;tdrozd@example.org
Бабко;Валентин;Степанович;Чоловіча;22.01.1978;Економіст;село Підгородне;набережна Артилерійський 2-й, буд. 15 кв. 1, Жданівка, 92346;802 66 30;qtarasenko@example.net
Журба;Софія;Миколаївна;Жіноча;22.08.1987;Електромонтажник;місто Новодружеськ;парк Житомирська, буд. 4 кв. 158, Бобровиця, 43045;+380 62 184-22-80;zdavydenko@example.net
Ґерета;Тимофій;Романович;Чоловіча;10.02.1958;Акушер;хутір Багачеве;узвіз Амбулаторна, буд. 07 кв. 6, Добромиль, 70348;+380 (84) 025-96-87;iustym18@example.net
Данченко;Алла;Михайлівна;Жіноча;17.01.1981;Локсмайстер;місто Олешки;узвіз Технічний, буд. 13 кв. 280, Херсон, 89056;+380 10 872-40-21;artemsliusar@example.org
Терещенко;Омелян;Ігорович;Чоловіча;09.08.1984;Петрограф;місто Білгород-Дністровський;вулиця 18-та Лінія 6-й ст. Люстдорфської дороги, буд. 7 кв. 574, Гайсин, 71033;542-40-13;shynkarenkobohuslava@example.org
Козак;Захар;Олександрович;Чоловіча;05.08.1987;Диригент;місто Алмазна;парк Академіка Векслера, буд. 3, Буринь, 54157;029 857 45 92;lukiankanivets@example.net
Салій;Яків;Олександрович;Чоловіча;27.07.1968;Режисер;село Гребінка;проспект В'ячеслава Липинського, буд. 270 кв. 854, Вишневе, 05544;+380 14 051-43-60;svitlana62@example.org
Шеремета;Олег;Юрійович;Чоловіча;07.03.1966;Пілот;хутір Гола Пристань;площа Олександра Богомольця, буд. 1 кв. 0, Святогірськ, 21409;778 55 49;izhakevychzorian@example.com
Цимбал;Єва;Василівна;Жіноча;05.12.1990;Круп'є;хутір Комарно;шосе Левадна, буд. 59, Бар, 69012;021 148-11-43;hlibtiahnybok@example.net
Жайворон;Прохір;Романович;Чоловіча;27.01.1957;Епідеміолог;хутір Тараща;набережна Учнівська, буд. 228 кв. 3, Ржищів, 67210;086 911-58-85;violettazaruba@example.org
Конопленко;Данна;Петрівна;Жіноча;03.04.1962;Диригент;хутір Лубни;парк Орликова, буд. 02 кв. 6, Дружківка, 58205;052 088 86 91;tryhubliubov@example.com
Туркало;Валентин;Володимирович;Чоловіча;27.12.1964;Краєзнавець;місто Устилуг;шосе Окружна, буд. 8, Світловодськ, 85710;007 039 31 74;tkachenkovenedykt@example.net
Бевзенко;Сніжана;Олександрівна;Жіноча;21.06.1991;Модель;селище Ірпінь;сквер Виставочна, буд. 131, Верхівцеве, 10293;+380 92 465-28-02;parasiukoryna@example.com
Заруба;Феофан;Петрович;Чоловіча;26.09.1977;Зоолог;село Селидове;набережна Санітарна, буд. 677, Березань, 28308;+380 37 420 17 73;amvrosii00@example.com
Власенко;Опанас;Віталійович;Чоловіча;04.05.1987;Інженер;місто Новоазовськ;сквер 1-ша Лінія Марії Демченко, буд. 64 кв. 26, Збараж, 77812;570-54-61;shaida@example.org
Данильчук;Леонід;Володимирович;Чоловіча;18.06.1946;Єгер;селище Прип'ять;провулок Обривиста, буд. 64 кв. 4, Українка, 35770;+380 30 801 50 07;bohuslav13@example.org
Карпа;Симон;Юрійович;Чоловіча;16.08.2009;Скульптор;місто Ківерці;шосе Пересипська 10-та, буд. 1 кв. 4, Лисичанськ, 86397;+380 (38) 410-78-36;illia35@example.com
Зубко;Гаврило;Васильович;Чоловіча;08.03.2002;Перекладач;хутір Вугледар;парк Миколи Плигуна, буд. 830, Амвросіївка, 30119;+380 85 313 16 05;varfolomii14@example.com
Вертипорох;Аврелій;Анатолійович;Чоловіча;28.02.2009;Краєзнавець;селище Родинське;парк Різовська, буд. 4, Костопіль, 23513;051 166-88-37;klyment39@example.net
Фартушняк;Устим;Іванович;Чоловіча;12.01.2004;Шериф;місто Богуслав;узвіз Військовий узвіз, буд. 4 кв. 311, Миколаївка, 83279;054 299-18-49;kreva@example.org
Юрченко;Омелян;Юрійович;Чоловіча;14.04.1978;Стоматолог;хутір Чигирин;узвіз Олександра Тимошенка, буд. 7 кв. 14, Новомиргород, 53872;+380 71 008-62-03;kovpakrostyslav@example.org
Зінчук;Віталій;Ігорович;Чоловіча;09.12.1956;Філолог;місто Рівне;вулиця Василя Кандинського, буд. 14, Верхньодніпровськ, 84140;092 320-28-29;bohdankonoplenko@example.org
Скоробогатько;Пріска;Миколаївна;Жіноча;27.10.1989;Пекар;селище Дунаївці;шосе Угорська, буд. 2 кв. 8, Володимир-Волинський, 68281;+380 32 669 08 15;drozdvira@example.com
Саченко;Руслан;Дмитрович;Чоловіча;13.10.1986;Патологоанатом;хутір Рубіжне;вулиця Чорноморський 9-й, буд. 32, Старий Крим, 36263;028 859 79 97;aronetsoleksandr@example.com
Артюх;Амалія;Віталіївна;Жіноча;28.10.1989;Фармацевт;село Чернівці;проспект Пляжна, буд. 326 кв. 4, Чорноморськ, 01009;+380 45 229 70 96;alevtyn45@example.net
Забарний;Варфоломій;Ігорович;Чоловіча;07.03.1976;Електромонтажник;хутір Залізне;проспект Князівська, буд. 9, Дубно, 44854;+380 98 657-07-89;valentyn87@example.com
Бгиденко;Соломія;Анатоліївна;Жіноча;05.02.1979;Математик;селище Дружківка;провулок Бокаріуса, буд. 26, Селидове, 99488;334 02 86;piurchuk@example.org
Гайденко;Лариса;Тарасівна;Жіноча;08.03.1997;Медик;селище Херсон;проспект Лінія 38-ма, буд. 116, Глиняни, 84186;270-93-60;myrondrobiazko@example.com
Цибуленко;Борис;Володимирович;Чоловіча;06.06.2008;Слідчий;село Герца;площа Аркадіївський, буд. 448, Деражня, 45791;+380 45 407-61-40;bkabanenko@example.com
Щорс;Іван;Володимирович;Чоловіча;21.03.1976;Сценарист;хутір Баштанка;провулок Мирослава Скорика, буд. 893 кв. 235, Євпаторія, 76999;+380 38 920-89-36;samoilenkoleontii@example.com
Давимука;Галина;Романівна;Жіноча;07.05.2010;Клавішник;хутір Березівка;набережна Обривиста, буд. 10, Корець, 95304;+380 18 937-83-09;panas33@example.net
Юрченко;Ростислав;Сергійович;Чоловіча;18.11.1987;Головний меркшейдер;селище Тячів;шосе Семінарська, буд. 65 кв. 9, Кобеляки, 96211;+380 (19) 830-76-09;volodymyrkadeniuk@example.com
Микитюк;Олекса;Дмитрович;Чоловіча;20.02.1996;Антрополог;село Барвінкове;вулиця Школярський, буд. 41 кв. 069, Шахтарське, 07812;+380 59 192-19-22;kgalagan@example.com
Яценюк;Станіслав;Васильович;Чоловіча;02.03.1980;Економіст;місто Виноградів;площа Якірний, буд. 40 кв. 9, Мала Виска, 81023;091 228 23 13;tadamenko@example.com
Рябець;Аарон;Степанович;Чоловіча;04.03.1954;Швачка;місто Деражня;узвіз Селищний, буд. 82, Славутич, 59963;811-03-76;zlavrenko@example.org
Теличенко;Прохір;Петрович;Чоловіча;21.12.1955;Прокурор;хутір Пирятин;проспект Студентський 1-й, буд. 710, Добромиль, 71859;807-16-16;qshelest@example.net
Цимбал;Лариса;Петрівна;Жіноча;11.11.1991;Кіноактор;місто Шепетівка;сквер Станційна 2-га, буд. 419 кв. 016, Пирятин, 15964;033 059-88-19;orkhyp34@example.com
Василечко;Тарас;Богданович;Чоловіча;13.12.1994;Петрограф;місто Ладижин;парк Старосінна, буд. 30 кв. 27, Погребище, 11844;+380 (06) 100-51-62;fdanylchuk@example.net
Франчук;Павло;Миколайович;Чоловіча;18.10.1970;Антрополог;селище Кременець;вулиця 10-та Лінія 6-й ст. Люстдорфської дороги, буд. 04 кв. 155, Нетішин, 62077;+380 69 357 53 77;demyd21@example.org
Сіробаба;Аліна;Андріївна;Жіноча;19.01.1954;Дерун;село Охтирка;сквер Університетський, буд. 4 кв. 67, Луганськ, 73989;+380 62 780-05-22;dradchenko@example.net
Редько;Дан;Васильович;Чоловіча;27.10.2003;Фермер;хутір Гайворон;узвіз Івахненка Петра, буд. 13, Мирноград, 67875;638-71-79;rsymonenko@example.org
Пелех;Тимофій;Анатолійович;Чоловіча;24.06.1950;Фармацевт;селище Комарно;шосе Давида Бурлюка, буд. 73 кв. 0, Здолбунів, 10671;633-46-92;pylyp20@example.org
Гупало;Ольга;Григорівна;Жіноча;08.07.2001;Історик;селище Апостолове;шосе Авангардна, буд. 0, Миколаїв, 46283;184 58 89;bohuslavaabramchuk@example.net
Саченко;Анжела;Анатоліївна;Жіноча;09.11.1991;Фізик;місто Макіївка;провулок Добровольців, буд. 697 кв. 004, Скалат, 76779;080 993-88-25;zynoviiartym@example.net
Атаманчук;Панас;Васильович;Чоловіча;28.01.1958;Композитор;селище Камінь-Каширський;провулок Михайла Грушевського, буд. 372 кв. 7, Гуляйполе, 83159;039 87 92;tmatviienko@example.net
Ващук;Єлисавета;Іванівна;Жіноча;08.02.1974;Підприємець;хутір Кропивницький;проспект Восьмого березня 3-й, буд. 7, Волноваха, 42463;021 896-27-02;zorianbabko@example.org
Шеремета;Леопольд;Сергійович;Чоловіча;21.06.1958;Машиніст;село Горлівка;вулиця Володимира Хавкіна, буд. 4 кв. 017, Лебедин, 65273;+380 99 054 43 92;okozak@example.net
Андрієнко;Павло;Дмитрович;Чоловіча;02.12.1961;Головний меркшейдер;селище Кривий Ріг;сквер Лінія 39-та, буд. 7 кв. 227, Вашківці, 65523;055 226-94-06;liashkoillia@example.net
Лагода;Анжела;Андріївна;Жіноча;10.12.2006;Мірошник;місто Тернівка;площа Чорноморський 4-й, буд. 78, Судова Вишня, 78000;+380 36 452-59-60;qiarema@example.com
Нестайко;Августин;Петрович;Чоловіча;08.06.1959;Медик;хутір Дубровиця;вулиця Аграрна, буд. 06, Кремінна, 40384;053-22-82;iermolenkoemiliia@example.org
Їжакевич;Юстим;Миколайович;Чоловіча;17.01.1963;Електрик;село Великі Мости;провулок Родоканакі, буд. 182 кв. 1, Іллінці, 09399;+380 86 820-02-92;antonkabanenko@example.net
Затула;Пармен;Володимирович;Чоловіча;18.11.1996;Математик;хутір Звенигородка;парк Черкаська, буд. 44 кв. 0, Отаманівка, 29776;+380 27 875-50-15;tytarenkoanita@example.net
Гавриленко;Орина;Дмитрівна;Жіноча;12.09.1995;Мірошник;селище Білицьке;вулиця Академіка Липського, буд. 2, Середина-Буда, 81461;725 33 81;myroslav13@example.net
Козак;Аарон;Васильович;Чоловіча;07.03.1995;Актор;місто Скадовськ;шосе Кордонна, буд. 048, Шумськ, 65835;051 354-43-49;olazarenko@example.com
Приймак;Геннадій;Миколайович;Чоловіча;16.03.1981;Педагог;хутір Очаків;шосе Студентський, буд. 1 кв. 34, Копичинці, 29443;032 877 89 56;avramenkoiarema@example.net
Данченко;Антон;Юрійович;Чоловіча;05.10.2005;Музичний редактор;селище Остер;вулиця Новиков міст, буд. 31, Кодима, 05902;+380 31 983 43 09;uolifirenko@example.com
Бабʼяк;Аліна;Богданівна;Жіноча;16.02.1968;Штукатур;хутір Яворів;набережна Різдвяна, буд. 06 кв. 75, Вознесенськ, 45803;+380 34 438 23 60;mykhailyna40@example.net
Єременко;Данило;Романович;Чоловіча;12.07.1956;Епідеміолог;місто Зборів;вулиця Наявний 2-й, буд. 8 кв. 1, Щастя, 06107;+380 00 934-56-24;varvarapalii@example.org
Бабиченко;Аркадій;Володимирович;Чоловіча;17.01.1968;Візажист;місто Гребінка;провулок Хаджибейський, буд. 02, Судак, 06840;028 664 53 04;uskorobohatko@example.com
Кармалюк;Ірина;Ігорівна;Жіноча;13.04.1955;Інженер;селище Біляївка;проспект Керченська, буд. 4, Лозова, 30564;045 147 69 85;ktalan@example.com
Бабиченко;Марко;Анатолійович;Чоловіча;11.09.1957;Хореограф;селище Білопілля;парк Парусна, буд. 5 кв. 396, Гірське, 61346;+380 77 730-52-11;okseniia66@example.org
Юрчук;Адам;Євгенович;Чоловіча;12.07.1962;Електромонтажник;селище Добропілля;узвіз Юннатів, буд. 6, Сарни, 06796;156 38 96;malyshkooles@example.com
Стус;Надія;Михайлівна;Жіноча;09.01.2003;Епідеміолог;селище Світлодарськ;вулиця Заводська 1-ша, буд. 6, Буськ, 23268;582-94-14;arkadiiakulenko@example.com
Онуфрієнко;Марко;Степанович;Чоловіча;03.05.1985;Золотар;хутір Вознесенівка;набережна Соляний 6-й, буд. 190 кв. 158, Пологи, 95933;+380 (08) 729-93-68;stepan73@example.net
Запорожець;Геннадій;Григорович;Чоловіча;12.08.1976;Льотчик;місто Сокиряни;провулок Чорноморський 5-й, буд. 31, Дніпрорудне, 80807;+380 02 576 34 15;ielysaveta08@example.com
Вертипорох;Надія;Василівна;Жіноча;06.12.2007;Хореограф;хутір Перемишляни;проспект Чорноморський 5-й, буд. 0 кв. 425, Джанкой, 18366;741 60 72;rkalchenko@example.com
Зубко;Клавдія;Олександрівна;Жіноча;13.07.2007;Електрик;місто Новомиргород;проспект Обривиста, буд. 3 кв. 78, Бобровиця, 49946;+380 33 275-51-59;verkhovynetsmilena@example.net
Яремко;Орися;Володимирівна;Жіноча;19.08.1993;Прокурор;село Севастополь;набережна Могилівська, буд. 108 кв. 5, Щастя, 10631;043 073 79 07;mshvedchenko@example.com
Бабич;Орина;Миколаївна;Жіноча;15.02.1966;Модель;хутір Костопіль;узвіз Офіцерська, буд. 5, Люботин, 79043;+380 (82) 866-06-46;perepelytsiaolha@example.com
Власюк;Миколай;Григорович;Чоловіча;02.02.1953;Кінорежисер;село Нова Каховка;проспект Восьмого Березня Лінія 1-ша, буд. 41, Докучаєвськ, 06749;049 586-61-75;wivasiuk@example.net
Базилевич;Ярослав;Михайлович;Чоловіча;04.09.1990;М'ясник;село Сколе;провулок Балтський 6-й, буд. 07, Кальміуське, 77981;+380 23 064-94-53;leon17@example.org
Рябченко;Юстим;Миколайович;Чоловіча;27.09.2009;Паблік рилейшнз;місто Дніпрорудне;узвіз Санаторний, буд. 752, Алмазна, 81478;119-30-17;les57@example.com
Мірошниченко;Степан;Михайлович;Чоловіча;09.07.1980;Кіноактор;село Кам'янка (Черкаська область);узвіз Гіацинтовий, буд. 64 кв. 95, Кобеляки, 35746;+380 72 048 17 07;jiurchyshyna@example.net
Давиденко;Павло;Іванович;Чоловіча;09.09.1962;Модель;місто Токмак;проспект Сосюри, буд. 294, Липовець, 04826;+380 87 479-15-63;irynaieresko@example.com
Сірченко;Олександр;Петрович;Чоловіча;06.09.2004;Кухар;селище Чортків;шосе Косовський, буд. 4, Теребовля, 61827;+380 (11) 327-44-18;oleksandrkolesnychenko@example.net
Андрусенко;Назар;Євгенович;Чоловіча;16.03.2004;Ветеринар;хутір Тетіїв;площа В'ячеслава Липинського, буд. 3, Здолбунів, 90845;058-91-08;wiarema@example.org
Лупій;Вікторія;Олександрівна;Жіноча;18.10.2006;Пілот;місто Андрушівка;узвіз Юрія Кондратюка, буд. 579, Монастирище, 11752;+380 (21) 314-57-23;goliashviktor@example.com
Ємельяненко;Вікторія;Тарасівна;Жіноча;24.06.1997;Фотограф;селище Переяслав;узвіз Чорноморський 6-й, буд. 31, Ніжин, 18683;+380 16 227 06 09;iosypkolisnychenko@example.com
Артеменко;Болеслав;Андрійович;Чоловіча;14.10.1964;Фрілансер;село Соледар;провулок Миколи Пильчикова, буд. 400 кв. 08, Гребінка, 48810;098 485 34 11;chabanvalentyna@example.net
Ванченко;Кирило;Іванович;Чоловіча;19.10.1972;Гінеколог;хутір Лисичанськ;сквер Водопровідна, буд. 24 кв. 7, Винники, 35296;+380 53 751-13-62;liliiababarychenko@example.net
Гук;Тереза;Петрівна;Жіноча;02.03.1988;Головний меркшейдер;село Нікополь;проспект Садовського, буд. 070, Баштанка, 93491;393-78-28;nestor76@example.net
Гречаник;Віра;Романівна;Жіноча;25.12.1976;Мінералог;село Запоріжжя;сквер Каретний, буд. 37, Ужгород, 42896;+380 38 663 68 62;erikaaverchenko@example.com
Смик;Михайло;Юрійович;Чоловіча;08.05.1976;Підприємець;місто Тростянець;сквер Штильова, буд. 7 кв. 3, Хоростків, 78174;989 61 02;marusia23@example.net
Цюпа;Віктор;Андрійович;Чоловіча;14.02.1990;Живописець;місто Амвросіївка;сквер Гетьмана Сагайдачного, буд. 8, Черкаси, 77998;053 881-78-34;ielysei32@example.net
Перебийніс;Ольга;Сергіївна;Жіноча;08.06.1952;Фрілансер;хутір Золочів;провулок Кавказький, буд. 983 кв. 6, Сіверськ, 18114;+380 12 746-42-11;kholyk@example.org
Гриценко;Орхип;Ігорович;Чоловіча;25.09.2005;Бізнесмен;селище Теплодар;сквер Літературна, буд. 1, Приморськ, 31893;+380 68 845 85 40;vadymriabovil@example.com
Гаврилишин;Дан;Іванович;Чоловіча;23.08.1975;Сантехнік;селище Святогірськ;вулиця Олександра Станкова, буд. 2 кв. 9, Узин, 77094;+380 62 118 27 09;bohuslavavasylechko@example.com
Стець;Віра;Петрівна;Жіноча;19.05.1951;Живописець;село Дніпрорудне;вулиця Деревообробний 4-й, буд. 447, Новий Калинів, 10576;060 436-45-71;tymchenkoteodor@example.net
Свистун;Аврелій;Романович;Чоловіча;25.12.1974;Парфюмер;селище Дубно;набережна Морехідний, буд. 9, Олешки, 42722;+380 90 373-96-46;varfolomii23@example.org
Талан;Василина;Олександрівна;Жіноча;08.12.1948;Клоун;село Миронівка;проспект Травневий 1-й, буд. 59, Білгород-Дністровський, 20920;+380 25 134-82-90;onysymbazylevska@example.net
Влох;Федір;Юрійович;Чоловіча;14.09.1992;Мінералог;хутір Бердичів;шосе Чубаївська, буд. 04 кв. 8, Зіньків, 69888;+380 14 542-80-25;myronandriishyn@example.com
Чумак;Віолетта;Дмитрівна;Жіноча;10.05.1963;Кухар;селище Білицьке;шосе Саймона Літмана, буд. 7 кв. 25, Сімферополь, 23013;+380 49 192 08 33;mykytakomar@example.com
Терещук;Ігнат;Тарасович;Чоловіча;24.04.1994;Флорист;село Луганськ;узвіз Овідіопольська, буд. 4 кв. 5, Кобеляки, 68808;+380 26 327 47 89;viacheslav98@example.org
Коваленко;Степан;Дмитрович;Чоловіча;28.05.1989;Науковець;село Великі Мости;провулок Стеценко, буд. 69 кв. 3, Болехів, 96411;+380 (33) 155-46-79;iaremkoorkhyp@example.net
Абраменко;Соломія;Тарасівна;Жіноча;24.03.1954;Мірошник;село Острог;вулиця 6-та Лінія 6-й ст. Люстдорфської дороги, буд. 373, Золочів, 49324;+380 (01) 851-71-96;khomaieroshenko@example.org
Христенко;Варфоломій;Ігорович;Чоловіча;25.03.2007;Скульптор;село Полонне;сквер Геологічна, буд. 030 кв. 4, Керч, 84975;024 620 90 30;oleh93@example.net
Деревʼянко;Азар;Віталійович;Чоловіча;04.11.1979;Локсмайстер;місто Мукачево;проспект Добровольців, буд. 36 кв. 8, Новоселиця, 52295;+380 86 228 96 67;petro25@example.org
Нестайко;Златослава;Богданівна;Жіноча;01.01.1996;Кінокритик;місто Борислав;парк Ямчитського, буд. 4 кв. 095, Берегове, 45703;073 807 64 41;hmoskal@example.com
Єресько;Віра;Андріївна;Жіноча;23.11.1949;Електромонтажник;хутір Могилів-Подільський;провулок Скрипковий, буд. 120 кв. 1, Довжанськ, 46631;524-65-16;hiarema@example.com
Дубенко;Ярема;Ігорович;Чоловіча;11.09.1986;Дерун;хутір Сватове;сквер Лінія 31-ша, буд. 38, Кам'янка (Черкаська область), 28288;090 218-72-22;spaskovaliuk@example.com
Вакарчук;Сергій;Андрійович;Чоловіча;23.04.1947;Конструктор;село Рудки;проспект Суднобудівна, буд. 77 кв. 17, Хмільник, 20518;048 736 25 36;arkadiimalyshko@example.org
Дубенко;Любов;Михайлівна;Жіноча;11.02.1995;Секретар;село Узин;проспект 14-та Лінія 6-й ст. Люстдорфської дороги, буд. 672 кв. 213, Тернопіль, 55406;053-85-39;skopenkohennadii@example.net
Дацюк;Левко;Сергійович;Чоловіча;15.11.1967;Режисер;місто Кам'янка-Дніпровська;парк Соціальна, буд. 097, Долина, 98155;+380 57 327-21-19;frants66@example.org
Лагода;Данна;Віталіївна;Жіноча;16.10.1980;Петрограф;місто Новий Буг;проспект Ялинковий, буд. 6 кв. 6, Південне, 24445;007 721-35-61;liubov85@example.org
Захаренко;Віолетта;Степанівна;Жіноча;08.07.1966;Електротехнік;селище Рудки;сквер Пересипська 8-ма, буд. 14, Миколаївка, 84469;+380 16 844-61-52;amaliiaadamchuk@example.com
Кабаненко;Ігнат;Анатолійович;Чоловіча;26.04.1959;Електротехнік;селище Вовчанськ;проспект Студентський 4-й, буд. 34, Камінь-Каширський, 99349;363 61 77;emiliia45@example.com
Лубенець;Франц;Володимирович;Чоловіча;20.08.1969;Сценарист;село Гірник;набережна Добровольців, буд. 38, Українка, 92796;+380 04 886 69 71;hennadiichekaliuk@example.net
Александренко;Олесь;Дмитрович;Чоловіча;16.09.1950;Громадський діяч;хутір Христинівка;шосе Розумовський 1-й, буд. 3 кв. 9, Сватове, 30373;+380 85 379-35-74;fursielysaveta@example.com
Філіпенко;Оксана;Анатоліївна;Жіноча;24.08.1968;Кінолог;село Тернівка;проспект Акордна, буд. 728, Глобине, 58821;806-89-42;shyianvladyslav@example.com
Тимчук;Віолетта;Тарасівна;Жіноча;04.01.1954;Складальник;місто Новояворівськ;парк Ромський, буд. 6, Заводське, 26248;+380 20 268-64-59;khrystyna88@example.net
Базилевський;Олександр;Віталійович;Чоловіча;01.08.1998;Каскадер;селище Старий Крим;набережна Чорноморського козацтва, буд. 387, Добромиль, 12850;+380 (52) 416-57-51;khrystenkobohdan@example.net
Андрейко;Мілена;Василівна;Жіноча;06.09.1999;Бухгалтер;село Тараща;провулок Хаджибейський 3-й, буд. 549 кв. 77, Вознесенівка, 09642;+380 24 577 11 55;cnosenko@example.net
Журба;Леопольд;Тарасович;Чоловіча;15.02.1983;Менеджер;місто Долина;сквер Дальницьке, буд. 099, Верхньодніпровськ, 19068;+380 (55) 399-78-78;sychazar@example.com
Демʼянюк;Любов;Тарасівна;Жіноча;28.03.1966;Гицель;село Конотоп;площа Шкіперська, буд. 147, Білгород-Дністровський, 66251;030 551 27 49;kbaran@example.com
Юрчук;Іван;Віталійович;Чоловіча;10.04.1971;Сценарист;село Стебник;сквер Олешківська, буд. 179 кв. 874, Покровськ, 87489;+380 84 996-69-91;ubabiak@example.org
Кальченко;Ростислав;Тарасович;Чоловіча;08.09.2007;Пекар;селище Кам'янець-Подільський;сквер Райдужна, буд. 843 кв. 00, Дрогобич, 61518;581-50-93;fvenhrynovych@example.com
Вовк;Ігор;Анатолійович;Чоловіча;13.01.2007;Прокурор;село Мостиська;парк Хвойний, буд. 551 кв. 50, Бібрка, 87265;088 732-88-72;kruban@example.net
Башполченко;Марʼяна;Андріївна;Жіноча;02.08.1965;Клавішник;місто Красилів;проспект Юрія Олеші, буд. 7 кв. 633, Богодухів, 25877;+380 51 438-47-83;vladyslav53@example.net
Атрощенко;Костянтин;Олександрович;Чоловіча;12.08.2009;Геофізик;селище Луганськ;сквер Куниці, буд. 728, Алушта, 12186;+380 (57) 643-73-64;demyd13@example.org
Титаренко;Семен;Миколайович;Чоловіча;26.09.1973;Прокурор;хутір Верхівцеве;сквер Лобачевського, буд. 166 кв. 2, Севастополь, 72696;+380 (71) 052-67-36;lhaidenko@example.org
Черінько;Вадим;Тарасович;Чоловіча;01.06.1970;Диригент;місто Хорол;шосе Штильова, буд. 6, Скадовськ, 98693;+380 35 711-43-01;hryhoriichaika@example.com
Доценко;Демид;Степанович;Чоловіча;28.02.1993;Модельєр;село Миргород;вулиця Володимира Хавкіна, буд. 55, Каховка, 90447;+380 18 318-62-74;vermenychklavdiia@example.net
Рудик;Данна;Степанівна;Жіноча;21.01.1973;Електромонтажник;місто Стебник;парк 1-ша Лінія 6-й ст. Люстдорфської дороги, буд. 6 кв. 99, Ананьїв, 72805;926-68-25;ihortymchenko@example.net
Бандурка;Златослава;Григорівна;Жіноча;14.09.1991;Провізор;місто Городенка;проспект Ольги Благовидової, буд. 865 кв. 60, Красногорівка, 44729;560-42-00;lkhomyk@example.net
Бабич;Леонід;Віталійович;Чоловіча;20.12.1966;Астрофізик;хутір Нова Одеса;площа Косий, буд. 769, Херсон, 94119;+380 (12) 716-68-36;averchenkosolomon@example.com
Терещенко;Богодар;Миколайович;Чоловіча;15.04.1983;Історик;хутір Вознесенськ;площа Мала, буд. 2 кв. 4, Добропілля, 79374;+380 (79) 947-31-37;qviter@example.com
Акуленко;Альберт;Миколайович;Чоловіча;23.10.1961;Педагог;місто Шумськ;вулиця Селищна, буд. 01, Волочиськ, 95964;383-42-33;ierchenkoleonid@example.org
Вернигора;Валентин;Андрійович;Чоловіча;24.03.1981;Штукатур;хутір Чорнобиль;провулок Юннатів 3-й, буд. 555, Миронівка, 20830;+380 43 797-42-44;sdrobiazko@example.com
Гайденко;Олена;Сергіївна;Жіноча;25.10.1980;Бізнесмен;місто Рівне;проспект Могилівська, буд. 6, Татарбунари, 13205;158-62-82;nadiiapalii@example.com
Шевченко;Варвара;Миколаївна;Жіноча;21.11.2007;Підприємець;місто Докучаєвськ;сквер Аркадіївський, буд. 361, Боково-Хрустальне, 64597;546 56 14;sviatoslavashablii@example.com
Іващенко;Семен;Васильович;Чоловіча;08.11.1979;Фермер;місто Чортків;сквер Юрія Коваленка, буд. 76, Борщів, 83669;+380 84 557 40 72;trokhymzaporozhets@example.com
Заруба;Роман;Тарасович;Чоловіча;09.02.1972;Дантист;місто Знам'янка;проспект Малинова, буд. 778 кв. 309, Стебник, 02656;619 34 41;omelianstus@example.net
Притула;Симон;Олександрович;Чоловіча;10.08.1978;Парфюмер;селище Василівка;вулиця Виноградний тупик, буд. 505, Армянськ, 98368;460 86 34;solomiiakadeniuk@example.com
Юхименко;Андрій;Богданович;Чоловіча;11.06.1993;Фермер;місто Жидачів;парк Проценка, буд. 21 кв. 919, Олевськ, 72612;+380 (87) 605-33-48;bohdanbaklan@example.com
Сіробаба;Нестор;Сергійович;Чоловіча;20.05.1973;Графік;селище Боярка;шосе Студентський 2-й, буд. 42 кв. 7, Ланівці, 82732;054 850-16-21;wdubyna@example.net
Данилюк;Орися;Юріївна;Жіноча;21.05.1976;Стиліст;місто Чистякове;вулиця Сашка Хорошенка, буд. 4 кв. 2, Барвінкове, 51981;+380 01 456-78-73;martynvakarchuk@example.com
Їжак;Вікторія;Григорівна;Жіноча;05.09.1959;Намотувальник;село Хрестівка;провулок Цементний, буд. 763 кв. 577, Бершадь, 83069;+380 13 561 53 71;albinabazylevskyi@example.net
Аронець;Макар;Романович;Чоловіча;01.05.2008;Гірник;місто Луцьк;сквер Травневий 3-й, буд. 5, Чорноморськ, 87444;207 28 61;hnosenko@example.net
Приходько;Ольга;Сергіївна;Жіноча;27.09.1961;Графік;хутір Балта;площа Проточний, буд. 754, Балаклія, 32148;+380 (89) 463-80-95;allashylo@example.net
Гаврилишин;Аліна;Сергіївна;Жіноча;21.07.1976;Ювелір;село Сокиряни;проспект Радіальна, буд. 5, Стебник, 57424;+380 (21) 114-92-00;vashchenko-zakharchenkohalyna@example.org
Базилевич;Павло;Євгенович;Чоловіча;07.05.2006;Палеонтолог;село Тараща;сквер Академіка Липського, буд. 087 кв. 070, Кривий Ріг, 84871;+380 32 589-23-61;priska49@example.org
Петренко;Аркадій;Ігорович;Чоловіча;11.11.2002;Композитор;село Южне;шосе Литовська, буд. 40 кв. 01, Судак, 89529;028 252-48-21;artem73@example.net
Бабійчук;Амвросій;Васильович;Чоловіча;15.01.1950;Штукатур;хутір Роздільна;площа Селекційний, буд. 307, Богуслав, 80200;021 097 44 55;okhrimenkoivan@example.net
Сацюк;Арсен;Андрійович;Чоловіча;19.10.1973;Геолог;селище Лиман;проспект узвіз Віталія Блажка, буд. 119 кв. 3, Свалява, 86671;+380 91 681-81-36;lrubets@example.net
Швайка;Амвросій;Сергійович;Чоловіча;10.01.1955;Письменник;село Кропивницький;набережна Тупиковий 1-й, буд. 76 кв. 7, Заводське, 20537;+380 83 265-33-45;vcharnysh@example.com
Павличенко;Богданна;Богданівна;Жіноча;06.04.2003;Футболіст;місто Дрогобич;провулок Лінія 44-та, буд. 562, Мена, 98482;+380 13 860-46-00;mykhailynabarannyk@example.com
Данченко;Галина;Ігорівна;Жіноча;01.02.1951;Пілот;селище Дубно;вулиця Рельєфна, буд. 750, Устилуг, 34010;+380 74 798-32-36;iaryna11@example.net
Тарасенко;Анжела;Віталіївна;Жіноча;28.10.2007;Ріелтор;місто Хотин;провулок Садова, буд. 9 кв. 56, Вижниця, 69161;010 625 82 63;volodymyradavydenko@example.com
Юхименко;Єлисавета;Григорівна;Жіноча;19.06.1956;Намотувальник;місто Попасна;набережна Різдвяна, буд. 842, Чернігів, 19344;+380 (43) 368-26-68;nazardatsiuk@example.com
Юрчук;Сніжана;Дмитрівна;Жіноча;15.06.2010;Кухар;село Городище;узвіз Скліфосовського, буд. 3 кв. 4, Українка, 84791;+380 19 601-90-72;ubazylevych@example.net
Рубан;Семен;Ігорович;Чоловіча;18.07.1978;Фізик;місто Нетішин;узвіз Зелена балка, буд. 67 кв. 71, Нетішин, 39812;117 00 02;ihnatdeisun@example.net
Гайдабура;Аліна;Тарасівна;Жіноча;22.08.1987;Живописець;місто Тростянець;набережна Травневий, буд. 44 кв. 999, Волочиськ, 01898;+380 78 828-44-52;rozaliiabaranets@example.org
Литвиненко;Ада;Віталіївна;Жіноча;28.11.1988;Астронавт;село Валки;парк Пейзажна, буд. 9, Зіньків, 67778;840 72 37;irynafranchuk@example.com
Нестеренко;Аліна;Іванівна;Жіноча;24.06.1988;Адвокат;місто Сніжне;провулок Гетьмана Сагайдачного, буд. 159 кв. 96, Козятин, 61725;+380 48 823 40 84;jhavrylets@example.net
Терещук;Тереза;Анатоліївна;Жіноча;17.07.2003;Електрослюсар;село Городня;сквер Цегельнозаводська, буд. 4 кв. 1, Перевальськ, 86972;+380 54 243 46 58;olehvitruk@example.org
Токар;Єва;Володимирівна;Жіноча;16.04.1949;Маркетолог;селище Пологи;узвіз Миколи Боровського, буд. 435 кв. 9, Карлівка, 28426;068-93-38;iukhym68@example.com
Аврамчук;Ігор;Михайлович;Чоловіча;03.08.1972;Клоун;село Алмазна;вулиця 10-та Лінія 6-й ст. Люстдорфської дороги, буд. 657 кв. 17, Багачеве, 40241;+380 (93) 828-02-68;piatachenkomakar@example.com
Андрійчук;Симон;Романович;Чоловіча;03.04.1982;Реставратор;місто Кременчук;сквер Бутишів, буд. 4, Ананьїв, 18647;+380 20 756 13 65;qkomar@example.net
Мамчур;Ярина;Віталіївна;Жіноча;02.07.2003;Адвокат;селище Суми;площа Юрія Коваленка, буд. 21 кв. 3, Нетішин, 64825;+380 96 904 77 56;kashchenkoiarema@example.com
Медведенко;Світлана;Юріївна;Жіноча;18.05.2010;Кушнір;село Івано-Франківськ;узвіз Журавлина, буд. 008 кв. 0, Берислав, 98060;045 504 39 56;iryna13@example.com
Давиденко;Дмитро;Григорович;Чоловіча;24.02.1962;Підприємець;село Токмак;провулок Нерубайська, буд. 4 кв. 834, Барвінкове, 10887;+380 17 835 66 90;qtychyna@example.com
Забарний;Аркадій;Дмитрович;Чоловіча;14.05.2004;Дерун;хутір Ковель;проспект Училищна, буд. 55 кв. 8, Нововолинськ, 99365;023 294 34 18;dmytrolesyk@example.net
Ємець;Руслан;Васильович;Чоловіча;21.04.1965;Мистецтвознавець;селище Суходільськ;шосе Молоді, буд. 34, Херсон, 94150;+380 93 043 81 13;irena74@example.org
Бездітко;Григорій;Васильович;Чоловіча;01.05.1947;Редактор;місто Родинське;проспект Миколи Пильчикова, буд. 94, Овруч, 62807;+380 (28) 060-25-42;dderkach@example.net
Худяк;Азар;Миколайович;Чоловіча;12.05.1996;Підприємець;місто Шаргород;парк Грузовий, буд. 5, Бердичів, 87894;+380 06 247-60-68;baturynetsmykyta@example.net
Бакуменко;Зорян;Тарасович;Чоловіча;05.05.1966;Дантист;селище Вільногірськ;площа Посівна, буд. 514 кв. 801, Попасна, 27248;722 41 50;azaika@example.net
Авдєєнко;Семен;Васильович;Чоловіча;28.04.1982;Конструктор;місто Гнівань;вулиця Тупиковий, буд. 3 кв. 510, Бобринець, 75873;+380 (52) 759-03-71;kbaidak@example.com
Дейнеко;Леонтій;Ігорович;Чоловіча;06.04.2002;Економіст;хутір Горохів;набережна Леся Курбаса, буд. 861 кв. 3, Прилуки, 55617;+380 (23) 156-26-98;chumakleonid@example.org
Засенко;Олег;Віталійович;Чоловіча;19.05.1986;Ґрунтознавець;село Лохвиця;парк 8-ма Лінія Дачі Ковалевського, буд. 26 кв. 76, Підгородне, 05010;018 877 73 97;iarema31@example.com
Верменич;Омелян;Васильович;Чоловіча;01.02.1996;Громадський діяч;хутір Сторожинець;шосе Різовська, буд. 3, Оріхів, 97011;+380 33 454-07-73;oleksandrsvystun@example.org
Яремків;Марʼяна;Андріївна;Жіноча;08.06.1965;Стиліст;селище Вашківці;набережна Заводська 1-ша, буд. 10, Радивилів, 75481;928-18-66;marko58@example.net
Лукаш;Євген;Богданович;Чоловіча;19.12.1972;Дизайнер;селище Моспине;набережна Сімферопольська, буд. 96 кв. 66, Нововолинськ, 52080;+380 05 081 71 76;sviatoslavaeibozhenko@example.com
Габелко;Ігнат;Андрійович;Чоловіча;01.11.2004;Антрополог;місто Болград;шосе Лазурний 2-й, буд. 6, Березівка, 95709;124-61-05;solomiiaandriievych@example.com
Голик;Остап;Ігорович;Чоловіча;22.11.1971;Дантист;хутір Кобеляки;провулок Весняна, буд. 17, Дубно, 37644;243 75 64;kalenychenkooryna@example.net
Шило;Орхип;Євгенович;Чоловіча;21.10.1973;Клавішник;селище Боярка;парк Наявний 5-й, буд. 7 кв. 497, Васильків, 94519;142 01 45;edyta80@example.org
Захаренко;Лесь;Богданович;Чоловіча;21.04.1997;Лікар;село Волочиськ;сквер Сливова, буд. 7 кв. 64, Докучаєвськ, 35564;+380 61 590-13-95;sviatoslav89@example.net
Байрак;Богдан;Володимирович;Чоловіча;12.04.1962;Фотограф;хутір Підгородне;площа Бориса Дерев'янка, буд. 684, Пустомити, 18896;072 584-19-55;erikadashenko@example.net
Яценко;Онисим;Дмитрович;Чоловіча;18.10.1974;Драматург;село Сіверськодонецьк;вулиця Солонцюватий 1-й, буд. 4, Білицьке, 36498;+380 54 993 09 86;liubov26@example.com
Ісаєвич;Михайлина;Олександрівна;Жіноча;10.10.1976;Електромонтажник;селище Христинівка;вулиця Олександра Ройтбурда, буд. 125, Тернопіль, 11054;074 467 83 16;bohodar92@example.net
Рак;Галина;Богданівна;Жіноча;05.04.1988;Продюсер;місто Хрустальний;шосе Травневий, буд. 7, Лубни, 98171;799 06 81;frants50@example.com
Жайворон;Володимир;Михайлович;Чоловіча;11.08.1972;Шериф;селище Бахмач;площа Мигдальна, буд. 9, Остер, 42323;378-63-25;trokhympiatachenko@example.com
Удовиченко;Франц;Віталійович;Чоловіча;10.03.1981;Письменник;село Богодухів;набережна Лінія 25-та, буд. 9 кв. 70, Калуш, 26246;+380 (67) 195-01-08;nesterenkoserhii@example.com
Вдовенко;Богданна;Тарасівна;Жіноча;06.06.1965;Клавішник;хутір Тульчин;шосе 17-та Лінія 6-й ст. Люстдорфської дороги, буд. 841, Жовква, 23198;+380 02 150-29-49;hchervonenko@example.net
Алексійчук;Устим;Миколайович;Чоловіча;01.02.1995;Дизайнер;село Лутугине;шосе Донецька, буд. 60, Ланівці, 13597;359-16-40;myroslavandriiovych@example.com
Овчаренко;Марта;Петрівна;Жіноча;05.12.1981;Державний службовець;селище Марганець;площа Лузанівський 2-й, буд. 071 кв. 727, Перевальськ, 43516;+380 77 076-52-25;kabanenkoamaliia@example.org
Худобʼяк;Єфрем;Петрович;Чоловіча;09.02.1968;Євнух;селище Городня;сквер Івана Луценка, буд. 4, Токмак, 23535;+380 71 967 91 02;ihorgereta@example.com
Лагода;Хома;Дмитрович;Чоловіча;27.10.1962;Менеджер;село Болград;сквер Прокатна, буд. 29, Оріхів, 74579;+380 99 885-03-20;iukhym17@example.org
Ажажа;Прохір;Володимирович;Чоловіча;22.03.1951;Етнограф;селище Баранівка;парк Морехідна, буд. 995 кв. 0, Снігурівка, 42434;075 734-91-04;havryshkevychmykhailyna@example.com
Полтавець;Дарина;Романівна;Жіноча;21.10.1982;Кінокритик;місто Волноваха;площа 1-ша Лінія 4-ї ст. Люстдорфської дороги, буд. 303, Березівка, 95799;+380 28 915-70-04;lvernydub@example.com
Ткаченко;Одарка;Володимирівна;Жіноча;28.06.1991;Бібліотекар;селище Самбір;сквер Квітнева, буд. 22 кв. 64, Новий Розділ, 19304;+380 (89) 079-67-20;khrystychmariia@example.com
Чередник;Богуслава;Богданівна;Жіноча;11.03.1979;Євнух;селище Бердичів;сквер Трудовий, буд. 299, Липовець, 54616;037 361-42-93;bsliusar@example.org
Юрчишин;Богодар;Тарасович;Чоловіча;05.10.1962;Актор;хутір Ясинувата;набережна Травневий 1-й, буд. 4, Білозерське, 47643;048 914 16 36;hupaloanita@example.net
Фоменко;Олесь;Романович;Чоловіча;16.01.1955;Фармацевт;село Чортків;сквер Водопровідний 1-й, буд. 1 кв. 570, Красноперекопськ, 21558;+380 65 905-69-41;babychherman@example.com
Зінкевич;Ірина;Богданівна;Жіноча;27.08.1965;Архітектор;село Українськ;узвіз Армійська, буд. 906 кв. 538, Чоп, 69550;+380 (46) 692-19-38;okseniiatytarenko@example.org
Іващенко;Маруся;Сергіївна;Жіноча;19.02.2006;М'ясник;місто Херсон;парк Миколи Гумільова, буд. 908 кв. 2, Балта, 71529;853-34-76;xkalenychenko@example.org
Гаврюшенко;Марʼяна;Романівна;Жіноча;01.12.1969;Маркетолог;селище Сокиряни;вулиця Запорізька, буд. 811 кв. 720, Вижниця, 95808;205 46 50;nazarbabiak@example.net
Теліженко;Ірена;Анатоліївна;Жіноча;05.07.1978;Детектив;місто Ланівці;набережна Гонсіоровського, буд. 6 кв. 4, Андрушівка, 94797;+380 08 160-74-25;deriazhnyivladyslav@example.org
Мазепа;Еріка;Сергіївна;Жіноча;15.10.1949;Модельєр;селище Залізне;парк Опішнянський, буд. 50, Золотоноша, 13791;004 93 27;anitashablii@example.com
Бандурка;Альбіна;Михайлівна;Жіноча;07.12.1976;Бібліотекар;село Ананьїв;проспект Павла Вірського, буд. 89, Тальне, 97464;460-14-20;vakarchukvasylyna@example.net
Демʼянчук;Аарон;Васильович;Чоловіча;12.04.1998;Актор;селище Вознесенськ;площа Бібліотечна, буд. 99, Новоазовськ, 91806;947-15-94;okhrim47@example.com
Козак;Роман;Андрійович;Чоловіча;05.06.1982;Парфюмер;хутір Золоте;сквер Об'їзна дорога, буд. 5, Суми, 66809;012 748-36-81;kalchenkooles@example.org
Данилюк;Алла;Іванівна;Жіноча;01.01.1972;Гінеколог;хутір Ладижин;узвіз Яна Длугоша, буд. 698, Погребище, 71912;+380 09 523-47-51;shevchenkosofiia@example.net
Скирда;Онисим;Анатолійович;Чоловіча;02.05.1991;Кінорежисер;село Скалат;сквер 8-ма Лінія Дачі Ковалевського, буд. 0 кв. 709, Дунаївці, 37961;+380 90 679-20-55;halynanehoda@example.net
Наливайко;Панас;Михайлович;Чоловіча;07.04.1984;Машиніст;місто Ходорів;провулок Волокидіна, буд. 0 кв. 805, Рава-Руська, 62795;143 43 75;hordii11@example.net
Євтушок;Оксенія;Григорівна;Жіноча;02.04.1959;Футболіст;селище Путивль;провулок Чигиринська, буд. 55, Умань, 23607;556 43 26;varvara37@example.com
Жаліло;Пилип;Григорович;Чоловіча;14.06.2001;Бібліотекар;хутір Яворів;сквер Отрада, буд. 8, Тальне, 47420;817 73 07;zorian06@example.net
Сацюк;Валентина;Тарасівна;Жіноча;08.04.1953;Кур'єр;хутір Тараща;сквер Сергія Ядова, буд. 667, Міусинськ, 75712;+380 (21) 626-84-38;zdubyna@example.net
Байдак;Леонтій;Юрійович;Чоловіча;12.10.1980;Хореограф;місто Стрий;площа Віталія Нестеренка, буд. 6, Чоп, 12700;+380 89 388-62-06;liudmylahohol@example.com
Дубас;Вʼячеслав;Юрійович;Чоловіча;26.01.1971;Гірник;місто Кременчук;шосе Стеценко, буд. 078 кв. 682, Липовець, 63253;021 014-38-52;snizhanakalenychenko@example.com
Титаренко;Аліна;Михайлівна;Жіноча;25.06.1961;Мистецтвознавець;хутір Горлівка;сквер Джутовий, буд. 546 кв. 28, Вашківці, 48149;501 32 75;qpetryk@example.net
Яремко;Пармен;Юрійович;Чоловіча;16.05.2001;Архітектор;селище Новий Калинів;сквер Локальна, буд. 22, Новояворівськ, 31893;+380 (35) 218-76-03;huzenkoavrelii@example.org
Вишняк;Хома;Анатолійович;Чоловіча;09.06.1960;Реабілітолог;місто Кілія;площа Трамвайний, буд. 50, Пирятин, 32450;+380 20 295 30 76;bvernyhora@example.org
Воблий;Федір;Васильович;Чоловіча;05.01.1968;Бухгалтер;хутір Сватове;сквер Шухевича Романа, буд. 56, Чистякове, 27506;023 565-62-97;ashchors@example.net
Штокало;Степан;Віталійович;Чоловіча;17.11.1980;Актор;село Кипуче;набережна Деволанівський узвіз, буд. 5, Кам'янець-Подільський, 80773;047 291 28 16;vashchenkoavrelii@example.com
Єщенко;Йосип;Андрійович;Чоловіча;23.05.1966;Електрослюсар;хутір Мелітополь;провулок Садова 1-ша, буд. 6 кв. 11, Жданівка, 51913;547-11-53;roksolana92@example.com
Данильчук;Климент;Олександрович;Чоловіча;27.11.1975;Дизайнер;хутір Авдіївка;площа Верф’яний, буд. 4 кв. 317, Берестечко, 18424;038 508 61 05;iustyna60@example.net
Кибкало;Левко;Богданович;Чоловіча;25.09.2002;Мистецтвознавець;місто Підгайці;сквер Данила Крижанівського, буд. 535, Мукачево, 44432;339 07 18;iaryna45@example.com
Комар;Августин;Ігорович;Чоловіча;06.04.1974;Петрограф;село Білопілля;площа Ланжерон, буд. 569 кв. 389, Чоп, 29055;+380 59 172-71-85;serhii25@example.com
Панчук;Герман;Михайлович;Чоловіча;17.10.1993;Патологоанатом;селище Помічна;сквер Ясна, буд. 33 кв. 322, Феодосія, 79119;602-32-52;bhaidabura@example.net
Скиба;Аарон;Григорович;Чоловіча;13.05.1946;Адвокат;селище Семенівка;провулок Софії Перовської, буд. 9, Рівне, 78045;091 194-90-39;babiakpanteleimon@example.org
Деряжний;Аврелій;Євгенович;Чоловіча;09.06.1966;Зоолог;місто Радивилів;вулиця Айвазовського, буд. 75, Чорноморськ, 08902;067 663-54-13;alinazarudna@example.org
Захарченко;Дан;Володимирович;Чоловіча;11.11.1978;Науковець;село Пирятин;вулиця Вокзальна, буд. 73 кв. 52, Березівка, 74634;+380 (48) 979-01-43;orest60@example.org
Гаєвська;Дарина;Віталіївна;Жіноча;01.05.2002;Головний меркшейдер;селище Глобине;парк Ключовий 1-й, буд. 250 кв. 05, Зборів, 46472;019 267 14 75;kumanets@example.com
Скоробогатько;Мирослав;Григорович;Чоловіча;08.02.1993;Фольклорист;село Полтава;парк Бандурний, буд. 64 кв. 7, Світловодськ, 22485;910 36 36;opanasnikoliuk@example.org
Андрусенко;Симон;Володимирович;Чоловіча;10.01.1984;Реабілітолог;селище Карлівка;площа Покровський, буд. 3, Чигирин, 22608;099 250-55-91;kamilla39@example.net
Щириця;Кирило;Володимирович;Чоловіча;05.10.1957;Пілот;місто Амвросіївка;провулок Грецька, буд. 3 кв. 8, Могилів-Подільський, 46964;917-61-79;averchenkovenedykt@example.com
Данчук;Дан;Іванович;Чоловіча;24.11.1978;Медик;хутір Великі Мости;шосе Шоста, буд. 5 кв. 2, Родинське, 42364;028 503 24 19;bprotsenko@example.net
Шведченко;Едуард;Анатолійович;Чоловіча;15.11.1946;Бібліотекар;місто Сквира;узвіз Світлий, буд. 6, Старокостянтинів, 60029;+380 44 942 13 98;riaboshapkazorian@example.net
Гайдабура;Єфрем;Михайлович;Чоловіча;15.07.1971;Нотаріус;селище Верхівцеве;площа Жоліо-Кюрі, буд. 14, Олександрівськ, 37435;+380 90 969 27 39;opanaschumachenko@example.org
Журба;Зорян;Степанович;Чоловіча;08.02.1986;Гінеколог;місто Устилуг;площа Студентський, буд. 7 кв. 6, Свалява, 95557;+380 62 479-55-46;vladyslavhaidamaka@example.net
Архипенко;Емілія;Петрівна;Жіноча;14.01.1950;Графік;місто Павлоград;парк Південна, буд. 60, Білогірськ, 18423;783-95-44;valentynakhudiak@example.com
Бабиченко;Микита;Ігорович;Чоловіча;11.08.1993;Кінорежисер;місто Кагарлик;проспект Супутників, буд. 16, Золоте, 04752;+380 96 055 82 99;ustym88@example.net
Бабко;Леонід;Іванович;Чоловіча;25.01.1958;Ді-джей;селище Бориспіль;площа Привозна, буд. 7 кв. 40, Чернігів, 96561;466 04 00;martyn95@example.org
Лемешко;Ігор;Миколайович;Чоловіча;13.07.1993;Мистецтвознавець;селище Шпола;сквер Олександра Богомольця, буд. 57, Зоринськ, 79990;066-55-71;liubovdankevych@example.com
Павлик;Адам;Григорович;Чоловіча;08.06.2011;Науковець;селище Надвірна;вулиця Онілової, буд. 9 кв. 86, Вільнянськ, 44193;026 65 19;davyd36@example.org
Гайдай;Мирослав;Андрійович;Чоловіча;13.09.2009;Педагог;село Сватове;вулиця Юрія Асєєва, буд. 3, Зборів, 73290;002 800 63 47;smykytiuk@example.net
Колодуб;Ольга;Богданівна;Жіноча;01.12.1957;Маркетолог;хутір Сквира;парк Сьома, буд. 127, Золоте, 29062;+380 (56) 904-99-71;khrystynababko@example.com
Козак;Марʼяна;Тарасівна;Жіноча;22.01.1970;М'ясник;селище Ківерці;набережна Оранжерейний, буд. 729 кв. 05, Петрово-Красносілля, 53589;+380 71 017-78-09;liudmylailchenko@example.com
Симоненко;Йосип;Віталійович;Чоловіча;09.06.1966;Модель;село Рогатин;набережна Флотський 1-й, буд. 99, Любомль, 52317;+380 93 560-90-84;tbaranyk@example.net
Оберемко;Дмитро;Михайлович;Чоловіча;06.12.1961;Журналіст;місто Рубіжне;провулок Басейний 2-й, буд. 96 кв. 5, Бровари, 76061;+380 (14) 780-48-13;rubetssemen@example.net
Карпа;Святослав;Сергійович;Чоловіча;26.03.1992;Патологоанатом;село Шептицький;шосе Хортицька, буд. 237, Вознесенськ, 80464;090 68 44;vysochaneduard@example.net
Дробʼязко;Павло;Олександрович;Чоловіча;24.11.1991;Живописець;селище Хуст;провулок Вапняна, буд. 299 кв. 017, Полонне, 52714;071 87 36;oleksa78@example.net
Вертипорох;Антон;Іванович;Чоловіча;15.03.1960;Менеджер;село Алупка;проспект Полуничний, буд. 426 кв. 5, Глобине, 92147;+380 (01) 945-96-74;nestor88@example.com
Затула;Олесь;Іванович;Чоловіча;15.06.2006;Стропальник;хутір Радомишль;парк Харківська, буд. 69 кв. 7, Баштанка, 01629;995-53-98;zpavlychenko@example.net
Євдокименко;Ігор;Олександрович;Чоловіча;04.09.1965;Бухгалтер;селище Ніжин;провулок Академічний, буд. 12, Шостка, 68584;674 03 80;oksanaskyba@example.net
Іщенко;Нестор;Тарасович;Чоловіча;10.01.1948;Машиніст;хутір Ківерці;площа Івасюка Володимира, буд. 976, Сквира, 98321;+380 21 733-50-09;daryna45@example.com
Василевич;Аніта;Євгенівна;Жіноча;13.05.1957;Ді-джей;хутір Зугрес;проспект Кримський, буд. 3, Дебальцеве, 73773;+380 79 212-28-90;ivanychukvira@example.net
Онищенко;Єфрем;Дмитрович;Чоловіча;18.08.1993;Електромонтажник;хутір Канів;шосе Василя Кандинського, буд. 5 кв. 21, Горішні Плавні, 52809;+380 (11) 000-47-15;chervonenkoazar@example.com
Масоха;Соломія;Сергіївна;Жіноча;20.01.1958;Мистецтвознавець;хутір Ямпіль;проспект Лютневий 1-й, буд. 606, Тетіїв, 53018;+380 03 438-19-01;albina05@example.com
Матвієнко;Михайлина;Тарасівна;Жіноча;19.11.1995;Детектив;селище Ужгород;вулиця Болградська, буд. 89, Кам'янець-Подільський, 07465;081 739-38-21;zavramenko@example.org
Сомко;Ярослава;Романівна;Жіноча;26.05.2008;Археолог;місто Боярка;сквер Журавлина, буд. 995 кв. 96, Чигирин, 83005;+380 48 329-59-97;andrii19@example.com
Піддубний;Зиновій;Романович;Чоловіча;02.08.1995;Слідчий;селище Путивль;площа Віталія Блажка, буд. 309, Сколе, 14438;889 08 85;ltokar@example.com
Акименко;Остап;Богданович;Чоловіча;17.12.2009;Дерун;селище Новгород-Сіверський;площа Хлібна гавань, буд. 935, Волноваха, 89781;+380 50 632-49-68;havryliukmyron@example.org
Абраменко;Прохір;Миколайович;Чоловіча;05.04.1948;Каскадер;село Алчевськ;узвіз Балтиморська, буд. 762, Судова Вишня, 32519;+380 82 763 01 44;iaroslavaiakymchuk@example.com
Гаврилишин;Клавдія;Олександрівна;Жіноча;18.11.1966;Державний службовець;місто Хмільник;вулиця Малинова, буд. 105, Джанкой, 68731;+380 12 982-02-02;zzaika@example.org
Заєць;Олекса;Богданович;Чоловіча;08.07.1953;Програміст;село Тростянець;шосе Наявний 7-й, буд. 879 кв. 655, Макіївка, 92539;067 522 46 14;charnyshsviatoslava@example.net
Карась;Аркадій;Романович;Чоловіча;28.03.2011;Дерун;село Кремінна;шосе Соціальна, буд. 522 кв. 5, Лубни, 89190;+380 (71) 964-02-39;anzhelabashpolchenko@example.org
Шведченко;Амалія;Василівна;Жіноча;15.04.1970;Мірошник;місто Вишгород;набережна Камишова, буд. 1, Семенівка, 73846;003 530-17-83;gbazavluchenko@example.org
Єресько;Леон;Михайлович;Чоловіча;27.08.1952;Клавішник;місто Дергачі;площа Гонтаренко, буд. 17 кв. 7, Кодима, 85482;+380 (59) 456-02-68;svyrydenkovarvara@example.com
Притула;Богуслав;Євгенович;Чоловіча;20.05.1954;Футболіст;село Горлівка;парк Чигиринська, буд. 159, Володимир-Волинський, 08733;099 682 98 14;shamrainazar@example.com
Короленко;Гліб;Васильович;Чоловіча;03.12.1980;Ветеринар;хутір Гірник;набережна Лиманчик 2-й Лінія 3-тя, буд. 314, Золочів, 34859;534-34-12;vasyl32@example.com
Батюк;Онисим;Дмитрович;Чоловіча;18.08.1984;Модель;місто Новогродівка;сквер Майка Йогансена, буд. 133, Березне, 97156;+380 75 388-14-19;iakovenkopriska@example.net
Шутько;Ірена;Богданівна;Жіноча;10.08.1970;Дипломат;селище Жмеринка;узвіз Миколи Троїцького, буд. 8 кв. 781, Трускавець, 42722;+380 (20) 388-82-81;tetianakashchenko@example.net
Твердохліб;Олег;Юрійович;Чоловіча;11.05.1987;Паралегал;селище Василівка;набережна Соляний 2-й, буд. 0 кв. 238, Бобринець, 72772;+380 (70) 280-58-04;atamaniukiarema@example.org
Онуфрієнко;Дарина;Євгенівна;Жіноча;21.11.1972;Маркетолог;місто Лубни;набережна Шевченка, буд. 11 кв. 7, Луганськ, 05351;+380 (55) 048-52-22;vdeisun@example.org
Мазур;Надія;Віталіївна;Жіноча;06.02.1989;Краєзнавець;селище Сокаль;парк Керченська, буд. 45 кв. 35, Волноваха, 91242;+380 08 610-76-37;avrelii01@example.org
Зайченко;Маруся;Михайлівна;Жіноча;05.02.1991;Адвокат;місто Немирів;узвіз Західний 4-й, буд. 653 кв. 067, Дружківка, 55137;060 532 57 69;kostiantynnesterenko@example.net
Наливайко;Валентин;Олександрович;Чоловіча;02.03.1953;Адвокат;селище Рава-Руська;вулиця Луценка Івана, буд. 5 кв. 5, Судова Вишня, 63050;+380 14 695-72-03;qcherednyk@example.net
Байрак;Алевтин;Володимирович;Чоловіча;02.05.1954;Астроном;село Козятин;шосе Героїв УПА, буд. 898, Сіверськодонецьк, 56171;+380 54 429-56-96;iaremaviter@example.net
Приходько;Ганна;Іванівна;Жіноча;20.01.2007;Складальник;селище Буськ;провулок Штурманська, буд. 44, Севастополь, 50995;+380 (01) 276-39-96;emiliiahaivoronska@example.org
Василечко;Віктор;Анатолійович;Чоловіча;08.11.2004;Клавішник;селище Семенівка;площа Карантинний узвіз, буд. 2, Бережани, 46596;008 528-60-03;illia84@example.net
Стус;Аркадій;Іванович;Чоловіча;01.08.1984;Інженер;хутір Антрацит;провулок Республіканська, буд. 316 кв. 2, Миколаївка, 43735;012 122 23 03;iurchenkostefan@example.org
Жадан;Августин;Андрійович;Чоловіча;20.07.1979;Скульптор;місто Рівне;провулок Маковий, буд. 22 кв. 897, Прип'ять, 81229;+380 09 825-16-66;oriabets@example.net
Рябовіл;Марина;Анатоліївна;Жіноча;03.05.1993;Патологоанатом;хутір Благовіщенське;сквер Чорноморський 11-й, буд. 1 кв. 59, Нетішин, 47542;851 08 09;zhaliloeduard@example.com
Ящук;Франц;Григорович;Чоловіча;28.05.2004;Громадський діяч;місто Рахів;провулок Косовська, буд. 03 кв. 985, Ровеньки, 25729;+380 77 468-50-67;hlib14@example.com
Ісаєвич;Ірина;Іванівна;Жіноча;20.11.1977;Фольклорист;хутір Миколаїв;шосе Прорізний, буд. 0 кв. 57, Бурштин, 90826;+380 (43) 199-11-45;tzaporozhets@example.com
Гупало;Олекса;Юрійович;Чоловіча;15.04.2004;Клавішник;село Белз;шосе Ванний, буд. 2 кв. 3, Золотоноша, 61299;051 737 59 78;bohuslav70@example.com
Щербань;Герман;Васильович;Чоловіча;02.06.1972;Диригент;місто Горішні Плавні;узвіз Іванівська, буд. 936, Пирятин, 26707;077 593-52-07;amaliia90@example.net
Проценко;Оксана;Іванівна;Жіноча;26.05.1997;Гінеколог;місто Теплодар;проспект Буковинська, буд. 3, Белз, 46749;+380 (69) 552-74-22;smykstepan@example.org
Пушкар;Давид;Васильович;Чоловіча;14.10.2008;Музикознавець;місто Золоте;проспект Орликова, буд. 4, Глобине, 68727;804 53 69;mkhomyk@example.net
Корбут;Устим;Олександрович;Чоловіча;09.10.1959;Історик;селище Каховка;проспект Обривиста, буд. 771 кв. 2, Тернопіль, 60609;+380 00 314 14 37;sviatoslava68@example.net
Палій;Ігнат;Олександрович;Чоловіча;04.03.1950;Сантехнік;селище Монастирище;набережна Професора Каришковського, буд. 5, Олешки, 82668;+380 (59) 703-89-14;korpaniukiryna@example.org
Короленко;Орест;Віталійович;Чоловіча;09.09.1951;Детектив;місто Новгород-Сіверський;узвіз Тупиковий 2-й, буд. 57 кв. 295, Голубівка, 85903;+380 18 218 45 13;andriizasukha@example.org
Величко;Надія;Юріївна;Жіноча;06.10.1979;Стоматолог;село Овруч;парк Івана Луценка, буд. 67, Бурштин, 75421;+380 57 820-52-09;adamshukhevych@example.org
Авраменко;Леопольд;Григорович;Чоловіча;09.06.2001;Фотограф;село Синельникове;узвіз П'ята, буд. 68, Маріуполь, 89656;+380 (75) 701-08-05;andriibabarychenko@example.com
Швачко;Пармен;Іванович;Чоловіча;13.10.1958;Локсмайстер;місто Благовіщенське;площа Павла Шклярука, буд. 3 кв. 31, Миколаїв, 74204;+380 (15) 147-24-96;protsenkoboleslav@example.org
Ребрик;Алла;Романівна;Жіноча;25.02.1955;Антрополог;хутір Вуглегірськ;проспект Біляївська, буд. 235 кв. 3, Яготин, 08909;+380 37 649-91-69;mykhailyna14@example.net
Гайдай;Галина;Іванівна;Жіноча;18.05.1946;Випробувач;місто Миколаївка;набережна Буковинська, буд. 698, Макіївка, 91881;095 193 91 09;varonets@example.net
Дрозд;Ольга;Романівна;Жіноча;10.08.2001;Конструктор;селище Берегове;вулиця Машинобудівний, буд. 3, Одеса, 68740;082 39 40;larysa72@example.org
Теличенко;Ярослав;Тарасович;Чоловіча;06.03.2011;Науковець;хутір Глухів;проспект Балтська дорога, буд. 6 кв. 90, Каховка, 37880;986 88 53;emakohon@example.org
Штокало;Вікторія;Андріївна;Жіноча;02.07.1995;Краєзнавець;місто Буринь;парк Максима Чайки, буд. 957, Старий Крим, 54947;004 329 31 23;lubenetsoksana@example.org
Артимишин;Єфрем;Ігорович;Чоловіча;16.03.1991;Астроном;село Кіцмань;провулок Круговий, буд. 15, Бунге, 80371;+380 49 165 13 94;artymovychmilena@example.net
Цюцюра;Валентина;Петрівна;Жіноча;17.02.1982;Стиліст;село Вишневе;шосе Назарівська, буд. 91 кв. 08, Лебедин, 29501;+380 (24) 809-26-99;oleksa37@example.net
Ірванець;Варвара;Петрівна;Жіноча;20.02.1959;Журналіст;село Пустомити;узвіз Дністровська, буд. 338 кв. 36, Мар'їнка, 81410;081 676 77 07;baturynetskhoma@example.net
Дубенко;Христина;Петрівна;Жіноча;25.05.1948;Бібліотекар;хутір Теплодар;провулок Романтиків, буд. 4, Нова Каховка, 15518;+380 50 023-01-56;martynfilipenko@example.net
Деркач;Роман;Олександрович;Чоловіча;02.12.1956;Пекар;селище Південне;шосе Ушинського, буд. 0 кв. 1, Яворів, 53271;403 24 68;lhavrysh@example.net
Шаблій;Аліна;Віталіївна;Жіноча;14.06.2011;Детектив;село Полтава;вулиця Лїнія 1-ша, буд. 71, Надвірна, 20166;+380 (33) 027-85-22;sviatoslav47@example.org
Усик;Едита;Дмитрівна;Жіноча;15.01.1975;Слідчий;селище Городня;проспект Кримська, буд. 47 кв. 3, Сновськ, 90321;049 890 44 63;avreliimatiash@example.org
Твердохліб;Тетяна;Ігорівна;Жіноча;03.12.1956;Акушер;село Новий Буг;проспект Басейний 4-й, буд. 70 кв. 926, Яготин, 29216;054 299 93 54;bohodar16@example.org
Лавренко;Феофан;Петрович;Чоловіча;07.02.1964;Гірничий інженер;селище Немирів;провулок Трояндова, буд. 52 кв. 86, Сторожинець, 65289;034 382-10-58;ivan19@example.org
Тесленко;Віра;Ігорівна;Жіноча;03.07.1986;Каскадер;хутір Прилуки;площа Ізмаїльська, буд. 213 кв. 870, Богуслав, 84104;+380 28 599-95-09;babiichukpetro@example.com
Швачка;Микита;Володимирович;Чоловіча;14.04.1953;Випробувач;хутір Обухів;площа Лодочний, буд. 3, Перевальськ, 99097;171 57 20;ivasiukleonid@example.org
Тимчук;Захар;Володимирович;Чоловіча;21.10.1971;Юрист;хутір Іллінці;провулок Ялинковий, буд. 11, Отаманівка, 13941;+380 75 808 08 21;ldankevych@example.com
Бандурка;Світлана;Василівна;Жіноча;22.03.1971;Астрофізик;хутір Глиняни;вулиця Ізмаїльська, буд. 49, Мала Виска, 83323;+380 75 977-47-54;iefremhuzenko@example.com
Шведченко;Юхим;Іванович;Чоловіча;12.06.1995;Петрограф;селище Львів;парк Хортицька, буд. 81, Чоп, 33310;+380 06 312-04-20;ihnatiatseniuk@example.com
Онищенко;Назар;Іванович;Чоловіча;06.02.1959;Зоолог;місто Борислав;набережна Черкаська, буд. 519, Дунаївці, 89582;061 254 38 39;nestor85@example.org
Джус;Назар;Дмитрович;Чоловіча;02.10.2003;Паблік рилейшнз;селище Снігурівка;проспект Друга, буд. 6 кв. 06, Винники, 23978;+380 37 182-69-93;viktoriia72@example.com
Базилевська;Михайлина;Миколаївна;Жіноча;09.07.2002;Мовознавець;хутір Старобільськ;узвіз Суперфосфатна, буд. 3 кв. 25, Комарно, 68273;006 007 98 70;artem15@example.net
Кабалюк;Алевтин;Іванович;Чоловіча;01.10.2001;Науковець;хутір Торецьк;узвіз Матроський узвіз, буд. 288 кв. 32, Бориспіль, 14051;225 71 39;iustynachmil@example.net
Жарко;Тетяна;Дмитрівна;Жіноча;26.01.2000;Громадський діяч;хутір Ковель;провулок Північний, буд. 33, Надвірна, 07920;073 63 52;ruslan96@example.org
Євдокименко;Пріска;Юріївна;Жіноча;22.02.2001;Письменник;хутір Кролевець;шосе Географічний, буд. 759, Олевськ, 18788;+380 (51) 644-94-94;nikoliukiefrem@example.com
Устенко;Мілена;Олександрівна;Жіноча;20.05.1999;Гірничий інженер;хутір Кам'янка (Черкаська область);сквер Івана Луценка, буд. 748 кв. 08, Лиман, 53226;+380 96 343-50-93;svitlanaprytula@example.com
Тригуб;Омелян;Григорович;Чоловіча;07.11.1955;Журналіст;селище Боярка;парк Газова, буд. 21, Рубіжне, 64208;+380 60 839-50-05;ciaremchuk@example.com
Щербань;Ірина;Григорівна;Жіноча;04.05.2010;Зоолог;місто Ізюм;набережна Мостовий, буд. 95, Яворів, 55458;+380 14 821-48-23;priska65@example.com
Верховинець;Дан;Іванович;Чоловіча;20.04.1961;Паралегал;хутір Бобровиця;площа Естонська, буд. 9, Тернівка, 93521;+380 91 228 33 28;geregaamaliia@example.net
Скопенко;Соломія;Богданівна;Жіноча;23.07.1985;Кінорежисер;хутір Вінниця;вулиця Миколи Боровського, буд. 17 кв. 8, Корсунь-Шевченківський, 08508;306 75 98;nadiia04@example.org
Швачко;Орест;Богданович;Чоловіча;21.07.1972;Фольклорист;місто Борщів;сквер Флотський 2-й, буд. 25, Дунаївці, 42896;+380 16 989-12-35;kostiantyn43@example.net
Сиротенко;Ярослава;Ігорівна;Жіноча;18.10.1969;Клоун;місто Вільнянськ;парк Академіка Богатського, буд. 0 кв. 7, Курахове, 31604;881 76 13;zorian71@example.com
Яременко;Олександр;Дмитрович;Чоловіча;17.01.1978;Фермер;селище Вінниця;сквер Скидановська, буд. 61 кв. 7, Українськ, 19785;+380 03 219-90-13;ielyseitarasenko@example.com
Забіла;Павло;Романович;Чоловіча;03.01.2003;Правник;село Березівка;набережна Гімназична, буд. 3 кв. 76, Вінниця, 61180;056 842 05 89;zshtokalo@example.net
Андрощук;Єва;Романівна;Жіноча;01.02.1946;Пекар;село Українськ;провулок Заводська 5-та, буд. 329 кв. 280, Федорівка, 88186;+380 72 629 64 26;mopanasenko@example.org
Тимчук;Данна;Григорівна;Жіноча;14.02.1974;Ветеринар;село Сіверськ;проспект Сергія Єфремова, буд. 115, Кам'янка (Черкаська область), 23139;046 150-21-95;zorianakymenko@example.org
Власюк;Ярослав;Романович;Чоловіча;01.12.1951;Державний службовець;хутір Підгайці;узвіз Скрипковий, буд. 24, Копичинці, 82523;068 056 48 17;bandreiko@example.net
Аврамчук;Лілія;Анатоліївна;Жіноча;03.09.1968;Головний меркшейдер;село Роздільна;провулок Штурвальна, буд. 409 кв. 98, Шаргород, 71573;816-70-72;leontii70@example.com
Абраменко;Ада;Віталіївна;Жіноча;18.08.1996;Нотаріус;місто Новий Буг;шосе Баштанна, буд. 0 кв. 37, Красноперекопськ, 14622;846-14-65;npiddubna@example.net
Дейсун;Оксана;Дмитрівна;Жіноча;28.10.1979;Флорист;місто Козятин;проспект Деревообробний 2-й, буд. 85, Вишневе, 06860;072 003 54 51;sdeineka@example.com
Бандура;Хома;Олександрович;Чоловіча;27.12.2003;Економіст;місто Ізяслав;парк Розумовський 1-й, буд. 0, Хирів, 24680;+380 18 281-26-23;tymchenkoveniiamyn@example.net
Байрак;Устим;Ігорович;Чоловіча;14.07.1998;Дипломат;хутір Рені;проспект Косий, буд. 8, Збараж, 27774;+380 10 776-19-42;zynoviihuk@example.org
Матвієнко;Амвросій;Романович;Чоловіча;06.11.1979;Професор;селище Кам'янка-Дніпровська;вулиця Осіння, буд. 7 кв. 8, Балта, 67031;+380 94 271 07 63;illiariaboshapka@example.com
Онуфрієнко;Оксана;Дмитрівна;Жіноча;16.02.1968;Слідчий;село Новий Буг;провулок Гаванна, буд. 02 кв. 0, Іловайськ, 46896;694 23 24;hlib72@example.net
Засуха;Тереза;Романівна;Жіноча;19.02.1992;Мірошник;селище Берегове;шосе Івана Франка, буд. 94 кв. 0, Новий Калинів, 34671;+380 41 950 95 34;klavdiiaonyshchenko@example.net
Лисенко;Сергій;Іванович;Чоловіча;15.01.1994;Мікробіолог;село Надвірна;набережна Складська, буд. 81 кв. 7, Зугрес, 40299;059 692-76-34;pvakarchuk@example.net
Верхола;Богуслава;Віталіївна;Жіноча;22.04.1966;Секретар;місто Галич;набережна Ремонтна, буд. 52, Кам'янець-Подільський, 56561;865 03 88;amaliiadziuba@example.net
Саєнко;Віолетта;Олександрівна;Жіноча;06.04.1961;Бухгалтер;селище Кілія;шосе Балтський 5-й, буд. 762, Коломия, 26056;+380 12 830-09-10;orkhyp74@example.com
Венгринович;Аарон;Тарасович;Чоловіча;10.09.1995;Астронавт;хутір Угнів;вулиця Вапняний 1-й, буд. 065, Слов'янськ, 44104;+380 82 409-97-86;varvara48@example.com
Скиба;Захар;Євгенович;Чоловіча;26.10.2001;Машиніст;село Благовіщенське;проспект Зої Бутенко, буд. 08 кв. 713, Рава-Руська, 51144;009 175 49 97;bohdannaievtushenko@example.org
Ємець;Розалія;Богданівна;Жіноча;28.11.1974;Кінокритик;село Вільнянськ;шосе Пейзажна, буд. 44 кв. 0, Голубівка, 32575;+380 18 247-99-96;tsisykhennadii@example.net
Гаєвський;Мирон;Михайлович;Чоловіча;14.02.2009;Слідчий;селище Старий Крим;шосе Квітки-Основ’яненка, буд. 418, Звенигородка, 80234;+380 48 578 23 30;korpaniukpavlo@example.com
Девдюк;Михайло;Анатолійович;Чоловіча;27.02.1985;Скульптор;село Калинівка;провулок 1-ша Лінія Марії Демченко, буд. 379, Саки, 52176;+380 86 051 84 77;demyd85@example.org
Лисенко;Амвросій;Богданович;Чоловіча;23.10.1989;Географ;село Сторожинець;узвіз Івахненка Петра, буд. 474 кв. 70, Бахмач, 89549;072 73 11;chabanlukian@example.com
Джус;Володимира;Григорівна;Жіноча;20.12.1967;Палеонтолог;селище Джанкой;набережна 2-га Лінія 6-й ст. Люстдорфської дороги, буд. 91, Жашків, 97998;+380 67 882-96-30;iarema34@example.org
Медведенко;Михайло;Ігорович;Чоловіча;20.11.1996;Музикознавець;селище Болехів;парк Балтський 4-й, буд. 59 кв. 5, Вараш, 88064;017 597-43-08;bohodarvlokh@example.com
Яценюк;Мілена;Ігорівна;Жіноча;20.07.1993;Педагог;селище Моспине;сквер Героїв УПА, буд. 9, Нове Давидково, 37192;+380 (55) 995-19-33;cshvachko@example.org
Валенко;Франц;Григорович;Чоловіча;25.01.2005;Скульптор;селище Дубно;провулок Лесі Українки, буд. 371, Зіньків, 98488;+380 08 562-56-45;herman11@example.org
Тесля;Тереза;Юріївна;Жіноча;16.09.1977;Гірник;місто Теребовля;узвіз Леонтовича, буд. 0 кв. 3, Ужгород, 86261;+380 17 573-75-46;albert24@example.net
Таран;Василь;Михайлович;Чоловіча;27.12.1953;Психолог;хутір Гнівань;узвіз Юрія Яновського, буд. 8 кв. 827, Сніжне, 63209;969 87 85;vitrukivan@example.net
Франко;Степан;Іванович;Чоловіча;24.01.2002;Перекладач;місто Житомир;набережна Лінія 45-та, буд. 524 кв. 185, Яготин, 43407;+380 69 349-91-72;sofiiakonoplia@example.net
Даньків;Єлисей;Романович;Чоловіча;04.04.1965;Єгер;місто Кальміуське;шосе Персикова, буд. 261, Баранівка, 95258;+380 30 884-16-66;aopanasenko@example.com
Баклан;Петро;Андрійович;Чоловіча;14.02.1964;Музикант;хутір Кадіївка;площа Станційна 2-га, буд. 592, Новоселиця, 01498;027 544-77-02;avramenkoalina@example.org
Самойленко;Ада;Тарасівна;Жіноча;19.04.2007;Фармацевт;місто Сторожинець;шосе Савранська, буд. 09, Жовті Води, 35566;073 664-40-49;sshchors@example.org
Козаченко;Йосип;Петрович;Чоловіча;24.05.1973;Перекладач;селище Вашківці;провулок Західний 3-й, буд. 130, Новодністровськ, 89402;+380 32 598-77-04;alina31@example.org
Пелех;Тарас;Володимирович;Чоловіча;04.05.1997;Кушнір;хутір Шепетівка;площа Святослава Ріхтера, буд. 446, Ровеньки, 92005;+380 (91) 957-64-78;valeriibaranyk@example.net
Саєнко;Данило;Дмитрович;Чоловіча;18.02.1968;Біолог;селище Ямпіль;набережна Килимова, буд. 446 кв. 4, Гірник, 65900;495-65-02;sirchenkoerika@example.com
Баран;Оксенія;Михайлівна;Жіноча;17.09.1975;Геофізик;село Нова Одеса;провулок Локомотивний 1-й, буд. 79 кв. 781, Бахмут, 84381;+380 (98) 615-27-37;bohuslav86@example.com
Засенко;Феофан;Романович;Чоловіча;18.01.1979;Водій;селище Шпола;площа Аеродромний 1-й, буд. 76, Новояворівськ, 93782;012 193 30 60;adaprykhodko@example.org
Луценко;Валерій;Михайлович;Чоловіча;10.12.1966;Клавішник;хутір Київ;набережна 2-га Лінія 6-й ст. Люстдорфської дороги, буд. 12 кв. 94, Гайворон, 33343;010 851-70-50;gvanchenko@example.org
Забіла;Дмитро;Тарасович;Чоловіча;06.03.1982;Державний службовець;хутір Соснівка;шосе Рибальська, буд. 590 кв. 2, Ржищів, 22795;+380 05 726-77-05;diushchenko@example.net
Гоголь-Яновська;Наталія;Дмитрівна;Жіноча;15.09.2009;Літературознавець;місто Золочів;проспект Митна, буд. 94 кв. 4, Шостка, 50736;830 57 71;aiurchyshyn@example.net
Авраменко;Віолетта;Юріївна;Жіноча;25.04.1996;Стропальник;хутір Новодністровськ;вулиця Дальницька, буд. 7 кв. 40, Часів Яр, 80864;591 76 28;haidaburanazar@example.org
Червоненко;Анастасія;Григорівна;Жіноча;01.09.1997;Програміст;селище Пустомити;узвіз Обільна, буд. 951 кв. 460, Христинівка, 48532;578 83 48;batiukiakiv@example.com
Сірченко;Сніжана;Ігорівна;Жіноча;16.12.1950;Модельєр;селище Кипуче;провулок Семафорний, буд. 765, Кадіївка, 07040;853 12 61;xhaidai@example.org
Єрченко;Адам;Іванович;Чоловіча;10.07.1978;Стоматолог;селище Ужгород;набережна Танфільєва, буд. 149, Керч, 28394;+380 34 638-16-91;ivanzabara@example.com
Юхименко;Віра;Григорівна;Жіноча;21.01.2003;Палеонтолог;місто Довжанськ;парк Дальній, буд. 733, Вільногірськ, 31079;119-44-40;liliiasheremeta@example.com
Романчук;Віктор;Іванович;Чоловіча;23.07.1991;Нотаріус;місто Підгородне;сквер Учнівська, буд. 0, Волноваха, 85403;+380 88 408 19 01;valentyna04@example.net
Чайка;Валентина;Андріївна;Жіноча;25.01.1995;Гірник;хутір Татарбунари;провулок Миколи Бажана, буд. 98, Копичинці, 06312;047 666 55 11;rostyslavkonoplenko@example.net
Тесля;Надія;Анатоліївна;Жіноча;04.10.2007;Ботанік;місто Покровськ;набережна Саймона Літмана, буд. 95 кв. 1, Роздільна, 49603;+380 79 761-87-53;arsenychbohodar@example.org
Палій;Трохим;Романович;Чоловіча;02.09.1958;Зоолог;хутір Курахове;сквер 10-та Лінія 6-й ст. Люстдорфської дороги, буд. 4, Красногорівка, 56888;554-40-32;gerusavhustyn@example.com
Франко;Оксана;Миколаївна;Жіноча;08.01.2006;Шериф;хутір Семенівка;вулиця Любомира Гузара, буд. 3 кв. 1, Семенівка, 36170;+380 (80) 146-84-27;marta40@example.org
Мамчур;Сніжана;Дмитрівна;Жіноча;28.08.1967;Швачка;селище Зміїв;шосе Приморська, буд. 155 кв. 234, Перечин, 10969;363-51-19;chubaiserhii@example.net
Вітер;Віра;Олександрівна;Жіноча;19.01.2011;Гінеколог;місто Калинівка;шосе Соляний 3-й, буд. 2, Миколаїв, 79150;+380 55 991-19-60;rorlyk@example.com
Мамчур;Борис;Дмитрович;Чоловіча;19.02.1965;Фермер;село Святогірськ;проспект Галини Могильницької, буд. 37 кв. 5, Снігурівка, 07849;+380 27 317 56 95;eduardderhach@example.net
Орлик;Ярема;Іванович;Чоловіча;03.10.1964;Лікар;село Нова Каховка;провулок Квіткова, буд. 547, Біла Церква, 84476;038 743-63-71;antonbezditko@example.net
Щорс;Галина;Дмитрівна;Жіноча;17.09.2005;Патологоанатом;село Довжанськ;сквер Флотський 1-й, буд. 195 кв. 144, Олевськ, 73288;+380 (27) 129-95-50;davymukaboryslav@example.com
Єрмоленко;Федір;Сергійович;Чоловіча;12.02.1972;Патологоанатом;місто Гребінка;узвіз Куликовський 2-й, буд. 640, Глиняни, 09481;487 20 34;lizababii@example.org
Цюпа;Ярослава;Володимирівна;Жіноча;18.10.1978;Музикознавець;місто Бурштин;набережна Айвазовського, буд. 82 кв. 156, Лубни, 76991;+380 93 686 12 77;yiushchenko@example.org
Устенко;Аарон;Тарасович;Чоловіча;18.12.1961;Підприємець;місто Зеленодольськ;проспект Новаторів, буд. 41, Славута, 30329;+380 98 545-03-53;csirobaba@example.com
Салій;Святослав;Андрійович;Чоловіча;26.05.1948;Модель;селище Остер;провулок Восьмого березня 1-й, буд. 0 кв. 66, Зимогір'я, 98599;018 866 48 39;emiliiababychenko@example.org
Сомко;Амвросій;Юрійович;Чоловіча;06.02.1992;Перекладач;селище Зоринськ;шосе Бахчисарайська, буд. 30, Канів, 36132;047 191-57-56;havriushenkoievhen@example.org
Лагода;Єлисавета;Віталіївна;Жіноча;01.11.1970;Епідеміолог;місто Хмельницький;сквер Асташкіна, буд. 8, Шостка, 26697;+380 93 039 58 62;rozaliiaumanets@example.org
Чміль;Марина;Дмитрівна;Жіноча;07.08.1962;Реставратор;хутір Вишгород;набережна Владислава Домбровського, буд. 185 кв. 4, Дергачі, 89742;+380 47 433 40 29;vlasiukavrelii@example.net
Туркало;Юстим;Михайлович;Чоловіча;02.11.2000;Гінеколог;хутір Свалява;проспект Малинова, буд. 70, Носівка, 51599;+380 56 785 76 20;huziiboryslav@example.com
Атрощенко;Михайло;Михайлович;Чоловіча;26.12.1969;Географ;хутір Бахмут;вулиця Куликовський 2-й, буд. 49, Тячів, 72293;047 248 28 24;onysym76@example.org
Щорс;Богуслав;Тарасович;Чоловіча;25.10.2011;Мистецтвознавець;село Скалат;вулиця Пересипська 7-ма, буд. 91, Моршин, 39799;075 512 92 99;alevtyn45@example.org
Гуцуляк;Одарка;Анатоліївна;Жіноча;25.03.1983;Архітектор;село Біла Церква;узвіз Польська, буд. 359, Радехів, 12977;+380 62 704 76 02;illiarudko@example.com
Бабенко;Надія;Михайлівна;Жіноча;03.01.1999;Продюсер;село Щолкіне;набережна Чубаївська, буд. 909 кв. 85, Рахів, 22528;313-57-94;tchupryna@example.com
Ажажа;Єлисей;Віталійович;Чоловіча;26.03.1980;Дизайнер;місто Вільногірськ;сквер Українська, буд. 327, Умань, 58665;450-45-01;okseniia97@example.net
Вівчаренко;Кирило;Михайлович;Чоловіча;08.01.2007;Драматург;село Радивилів;площа Михайлівська, буд. 15, Хрустальний, 31721;+380 93 704-54-56;adamvashchuk@example.com
Ярема;Прохір;Богданович;Чоловіча;17.11.1949;Локсмайстер;селище Бахчисарай;проспект Обільний 2-й, буд. 600 кв. 4, Південне, 38188;+380 95 682-00-35;sviatoslavfomenko@example.org
Короленко;Роман;Юрійович;Чоловіча;14.04.1954;Архітектор;місто Рені;узвіз Київське, буд. 30 кв. 31, Костопіль, 23634;+380 62 654-02-53;frants39@example.net
Єрченко;Оксана;Євгенівна;Жіноча;17.11.1949;Кіноактор;хутір Коростишів;набережна Мазепи Івана, буд. 27 кв. 394, Полонне, 01286;049 677-76-11;geretaserhii@example.net
Деревʼянко;Адам;Степанович;Чоловіча;27.06.1980;Доцент;село Галич;набережна Довга, буд. 6, Бар, 56722;+380 54 652-12-60;iashchenkoparmen@example.com
Валенко;Олександр;Андрійович;Чоловіча;24.12.1965;Архітектор;хутір Олександрія;парк П'ята, буд. 770 кв. 97, Львів, 75054;023 827 03 32;odarka02@example.net
Мазур;Леон;Богданович;Чоловіча;06.03.1957;Адвокат;селище Ясинувата;шосе Мирослава Скорика, буд. 05 кв. 00, Глухів, 13004;+380 03 125-89-47;wgzhytska@example.org
Лукаш;Гаврило;Євгенович;Чоловіча;22.02.2007;Епідеміолог;селище Болехів;провулок Садова 1-ша, буд. 6, Шахтарське, 85425;+380 (36) 536-37-71;vyshniakvasylyna@example.com
Колесниченко;Мирон;Михайлович;Чоловіча;15.11.1985;Економіст;хутір Лутугине;узвіз Тополина, буд. 138 кв. 5, Полонне, 71026;057 187 21 89;hcherinko@example.com
Лубенець;Аврелій;Ігорович;Чоловіча;06.08.2000;Графік;місто Гайсин;вулиця Артилерійська, буд. 721, Макіївка, 44814;663 11 74;bzhuravel@example.com
Сомко;Михайло;Юрійович;Чоловіча;28.05.1966;Гірник;село Ровеньки;проспект Хаджибейський 2-й, буд. 9 кв. 99, Вугледар, 24755;390 55 88;oryna19@example.com
Данчук;Прохір;Олександрович;Чоловіча;14.06.2008;Державний службовець;селище Винники;набережна Урожайна, буд. 872, Докучаєвськ, 07384;037 266-49-40;sviatoslavbabiak@example.org
Оробець;Ірина;Іванівна;Жіноча;08.12.1961;Фрілансер;село Антрацит;узвіз Мечникова, буд. 722, Ніжин, 74062;+380 60 053-85-31;ielysaveta20@example.com
Дзюба;Теодор;Віталійович;Чоловіча;15.10.2001;Економіст;село Зміїв;шосе Флотський 1-й, буд. 9 кв. 89, Джанкой, 19793;+380 43 866-36-84;blazarenko@example.com
Гаврилюк;Лариса;Богданівна;Жіноча;02.03.1953;Державний службовець;місто Погребище;площа Улицька, буд. 6, Носівка, 68663;+380 99 496-36-00;ivanvivcharenko@example.org
Атаманюк;Олег;Сергійович;Чоловіча;11.12.2011;Швачка;село Вовчанськ;парк Українських Героїв, буд. 26, Бердянськ, 94467;935 23 93;sahalsolomiia@example.com
Андрощук;Ігнат;Євгенович;Чоловіча;22.08.1992;Професор;село Буринь;шосе Василя Кандинського 2-й, буд. 3 кв. 81, Сколе, 40472;+380 87 632-35-66;anita45@example.net
Штепа;Руслан;Юрійович;Чоловіча;25.09.1957;Фотограф;селище Ананьїв;площа Шкіперська, буд. 63, Добропілля, 21602;065 88 92;fediraleksiuk@example.com
Івасюк;Амвросій;Андрійович;Чоловіча;15.04.1986;Скульптор;хутір Рівне;сквер Лавкова, буд. 93, Маріуполь, 02441;+380 19 501 81 58;iaroshdan@example.com
Затовканюк;Гліб;Іванович;Чоловіча;24.09.2001;Пілот;село Кагарлик;узвіз Тарутинська, буд. 84 кв. 15, Новодружеськ, 19699;+380 54 173-50-12;oryna74@example.org
Примаченко;Богуслав;Євгенович;Чоловіча;27.05.1992;Дантист;село Миронівка;узвіз Сергія Уточкіна, буд. 46 кв. 0, Перевальськ, 90131;282 88 77;leopold02@example.com
Нестайко;Сніжана;Володимирівна;Жіноча;16.06.1965;Журналіст;хутір Фастів;проспект Обсерваторний, буд. 817 кв. 81, Хуст, 10570;+380 67 378-94-32;nmatiash@example.net
Бандурка;Леопольд;Євгенович;Чоловіча;25.01.1955;Педагог;хутір Вилкове;провулок Кордонний, буд. 03 кв. 407, Скадовськ, 96354;059 759 88 96;zorian16@example.org
Батіг;Борис;Ігорович;Чоловіча;22.02.1980;Кіноактор;місто Новоселиця;парк Карантинна, буд. 10 кв. 3, Моршин, 60784;+380 (98) 129-22-35;makarivanchenko@example.net
Лесик;Дмитро;Богданович;Чоловіча;08.03.1961;Клоун;хутір Зеленодольськ;сквер Кримська, буд. 9, Гадяч, 20228;371-21-81;mykolaichaban@example.net
Стус;Аврелій;Андрійович;Чоловіча;23.01.1999;Євнух;хутір Луцьк;провулок Чорноморська, буд. 1 кв. 87, Новоазовськ, 57464;080 706-66-07;markoonyshchenko@example.net
Охримович;Святослава;Віталіївна;Жіноча;18.06.2010;Стропальник;хутір Гірник;сквер Мала Садова, буд. 35, Остер, 06683;274 13 30;matiashruslan@example.com
Шинкаренко;Вікторія;Сергіївна;Жіноча;21.02.1999;Кіноактор;селище Кодима;вулиця Михайла Жука, буд. 48 кв. 65, Теплодар, 18278;045 771 14 16;marko96@example.org
Козаченко;Арсен;Володимирович;Чоловіча;03.06.1967;Промисловець;хутір Пологи;сквер Студена, буд. 24 кв. 0, Хирів, 34110;+380 32 424-24-67;pylyp90@example.com
Заїка;Ліза;Степанівна;Жіноча;07.02.1950;Кушнір;місто Буринь;вулиця Любашівський, буд. 7, Тисмениця, 86632;+380 73 604-63-95;telizhenkoihor@example.com
Андрієвич;Ярослава;Віталіївна;Жіноча;02.09.1997;Гірник;місто Буськ;вулиця Університетський, буд. 942 кв. 671, Заліщики, 81875;+380 (63) 296-49-91;bakumenkoalbina@example.org
Вдовиченко;Валентин;Анатолійович;Чоловіча;01.09.2000;Кінорежисер;хутір Радивилів;шосе Кишинівська, буд. 55, Ладижин, 71138;+380 59 057-82-76;ieromenkolarysa@example.org
Щербак;Михайло;Миколайович;Чоловіча;28.03.1995;Кінолог;селище Кременець;набережна Аеропортівська, буд. 2, Любомль, 42770;076 639-95-05;ckadeniuk@example.org
Тесленко;Онисим;Віталійович;Чоловіча;17.05.1995;Клоун;місто Шахтарське;набережна Латвійський узвіз, буд. 791, Почаїв, 14206;+380 (65) 523-96-81;vasylkhrystenko@example.net
Асаула;Богуслава;Миколаївна;Жіноча;14.06.1983;Ювелір;село Ужгород;парк Колонтаївська, буд. 6 кв. 28, Тернівка, 79586;+380 10 144-72-92;ekorbut@example.org
Бгиденко;Марта;Сергіївна;Жіноча;05.11.1980;Паралегал;хутір Берестин;парк Професора Каришковського, буд. 167, Новоград-Волинський, 19549;156-59-44;tsarenkoihor@example.net
Малик;Тетяна;Анатоліївна;Жіноча;21.01.1971;Сценарист;село Красилів;площа Четверта, буд. 18, Надвірна, 97602;713-20-36;alekseienkoazar@example.net
Бабійчук;Мирослав;Михайлович;Чоловіча;06.01.1992;Сантехнік;місто Ужгород;узвіз Промислова, буд. 37 кв. 160, Тульчин, 06743;+380 06 080-14-13;chmilmarusia@example.org
Гаврилів;Лесь;Григорович;Чоловіча;17.12.1952;Мікробіолог;селище Глобине;набережна Дюківська, буд. 18, Золочів, 66931;026 580 20 84;ivashchenkoiryna@example.com
Захарченко;Богданна;Миколаївна;Жіноча;07.09.1956;Парфюмер;місто Одеса;провулок Олешківська, буд. 4 кв. 76, Довжанськ, 19109;+380 09 187-40-82;izhakfrants@example.org
Рак;Максим;Васильович;Чоловіча;04.12.1964;Бібліограф;хутір Борислав;вулиця Проценка, буд. 44 кв. 484, Хмельницький, 23159;012 014-54-41;chuikomilena@example.com
Демʼянюк;Євген;Васильович;Чоловіча;26.08.1951;Гірник;місто Українка;площа Колективний, буд. 63 кв. 2, Середина-Буда, 04343;402-61-61;kamillashevchenko@example.org
Корпанюк;Аарон;Тарасович;Чоловіча;08.12.1974;Парфюмер;село Обухів;сквер Польова, буд. 8 кв. 962, Кривий Ріг, 98598;877 05 30;tarasenkoiustyna@example.com
Чайка;Анастасія;Олександрівна;Жіноча;16.06.1968;Геофізик;село Сорокине;площа Нескучна, буд. 86 кв. 5, Звенигородка, 94772;001 422-96-37;hlib14@example.net
Власюк;Ірена;Євгенівна;Жіноча;13.02.1975;Фольклорист;хутір Чортків;шосе Трамвайна, буд. 157, Петрово-Красносілля, 38139;+380 31 242-26-66;avrelii09@example.com
Іщенко;Теодор;Віталійович;Чоловіча;02.06.2010;Ґрунтознавець;місто Кременчук;парк Соляний 6-й, буд. 716 кв. 118, Шаргород, 07178;070 831 87 32;borysmykhailychenko@example.org
Дейнека;Орест;Петрович;Чоловіча;17.07.1969;Стиліст;селище Марганець;узвіз 11-ша Лінія 6-й ст. Люстдорфської дороги, буд. 8, Чигирин, 41449;001 204-97-05;vdakhno@example.com
Романчук;Дарина;Миколаївна;Жіноча;17.08.1971;Графік;селище Балаклія;проспект Зоопаркова, буд. 4 кв. 61, Старий Самбір, 61574;368 34 10;bsachenko@example.com
Барабаш;Юстим;Андрійович;Чоловіча;13.02.1985;Історик;селище Старобільськ;провулок Матроський узвіз, буд. 0, Олександрія, 93377;810 45 28;hennadii02@example.com
Зубко;Дарина;Ігорівна;Жіноча;28.11.2005;Антрополог;місто Олешки;вулиця Топольського, буд. 70 кв. 765, Чорнобиль, 93265;+380 (21) 625-07-73;solomiia92@example.net
Журба;Георгій;Ігорович;Чоловіча;25.04.1989;Фольклорист;село Петрово-Красносілля;провулок Лазурний 4-й, буд. 36 кв. 431, Луганськ, 76567;+380 04 162-44-42;larysa70@example.com
Гунько;Надія;Іванівна;Жіноча;09.01.2011;Каскадер;селище Бібрка;сквер Локальна, буд. 7 кв. 3, Жовква, 67478;+380 51 724-07-10;hkabaliuk@example.org
Литвин;Аніта;Ігорівна;Жіноча;27.02.1947;Паралегал;хутір Скадовськ;сквер Лиманний, буд. 90, Новоселиця, 68961;+380 (97) 368-98-39;edanko@example.org
Якименко;Олесь;Тарасович;Чоловіча;28.06.1967;Шериф;село Броди;провулок Стражеска Миколи, буд. 8, Кадіївка, 59936;092 134 00 39;hryhorii01@example.com
Товстуха;Надія;Віталіївна;Жіноча;14.04.2003;Візажист;селище Дубровиця;парк Одеса-Головна, буд. 775 кв. 82, Могилів-Подільський, 40041;540 46 05;kylymnykmyroslav@example.com
Асаула;Світлана;Володимирівна;Жіноча;01.06.1988;Пілот;хутір Синельникове;провулок Сосюри, буд. 5, Тульчин, 69001;074 685 80 30;ihordemianenko@example.com
Павлик;Данна;Сергіївна;Жіноча;23.12.1958;Психолог;місто Золочів;вулиця Ромський, буд. 567 кв. 05, Почаїв, 11211;+380 (50) 038-42-70;ruslan54@example.org
Овчаренко;Трохим;Тарасович;Чоловіча;05.08.1987;Режисер;селище Білицьке;шосе Генуезька, буд. 322 кв. 440, Путивль, 99700;+380 26 075-57-27;hzinchuk@example.com
Данькевич;Віра;Богданівна;Жіноча;13.08.1973;Петрограф;місто Середина-Буда;вулиця Овідіопольська дуга, буд. 532 кв. 353, Чорноморськ, 92219;+380 78 341 79 98;miaremenko@example.net
Алексійчук;Нестор;Васильович;Чоловіча;13.01.2006;Паралегал;місто Буча;шосе Лінія 42-га, буд. 912, Вознесенськ, 57842;+380 75 249-57-36;rdatsenko@example.com
Дахно;Богодар;Анатолійович;Чоловіча;03.07.1991;Редактор;хутір Чорнобиль;сквер Траса Здоров'я, буд. 865 кв. 83, Теребовля, 36026;+380 62 389-29-02;lytvynenkoleon@example.com
Євтушок;Христина;Петрівна;Жіноча;11.02.1965;Науковець;хутір Бершадь;сквер Вітчизняна, буд. 57 кв. 74, Олександрія, 40044;694-47-62;varvara73@example.net
Журба;Марія;Дмитрівна;Жіноча;14.06.1986;Літературознавець;селище Дубровиця;узвіз Мигдальна, буд. 47 кв. 70, Сторожинець, 12544;041 418-54-08;satsiukprokhir@example.com
Уманець;Венедикт;Богданович;Чоловіча;09.06.1984;Дерун;місто Мостиська;парк Донецька, буд. 2 кв. 254, Торецьк, 99787;+380 27 563-01-34;andriidanko@example.org
Баранник;Надія;Степанівна;Жіноча;06.09.1966;Реабілітолог;село Новомиргород;площа Осипова, буд. 7, Вуглегірськ, 85198;054 569 42 62;viktoriia85@example.org
Свистун;Ростислав;Степанович;Чоловіча;11.09.1984;Прокурор;хутір Горішні Плавні;вулиця Деревообробна, буд. 0, Глобине, 02288;+380 86 066-64-07;ustym00@example.net
Ніколюк;Едита;Дмитрівна;Жіноча;24.06.2010;Кур'єр;хутір Дніпрорудне;проспект Житомирська, буд. 255, Буча, 81706;296 55 23;artemtereshchuk@example.com
Тригуб;Андрій;Петрович;Чоловіча;01.10.1951;Актор;селище Алмазна;парк Локомотивний 1-й, буд. 1 кв. 94, Жашків, 17866;+380 56 019 63 54;tryhubonysym@example.com
Ґжицький;Амвросій;Миколайович;Чоловіча;18.06.2002;Графік;хутір Олександрівськ;сквер Василя Данилевича, буд. 16 кв. 48, Тиврів, 15527;002 504 38 98;yaronets@example.net
Вітер;Тетяна;Михайлівна;Жіноча;24.02.1990;Випробувач;селище Кам'янське;набережна Уманська, буд. 70 кв. 066, Яворів, 17743;+380 10 356 85 10;ukorpaniuk@example.org
Стець;Мілена;Ігорівна;Жіноча;20.07.2006;Географ;селище Черкаси;шосе Люстдорфська дорога, буд. 39 кв. 94, Могилів-Подільський, 93158;+380 37 401-92-30;omelian27@example.com
Бакуменко;Данило;Васильович;Чоловіча;22.08.1979;Фотограф;місто Нікополь;сквер Бандурний, буд. 1 кв. 0, Тлумач, 63421;947 22 18;danylodutka@example.com
Канівець;Аврелій;Дмитрович;Чоловіча;05.11.1973;Парфюмер;місто Сколе;узвіз Європейська, буд. 5, Коростишів, 34175;135 18 10;marynavakulenko@example.org
Забіла;Орися;Миколаївна;Жіноча;10.05.2007;Каскадер;село Василівка;проспект Амундсена, 1-й, буд. 32, Бобровиця, 12394;+380 26 894 07 37;gbezborodko@example.com
Бандера;Юстим;Миколайович;Чоловіча;06.02.2003;Провізор;місто Залізне;проспект Західний 1-й, буд. 74, Радомишль, 61528;706-57-75;zolifirenko@example.org
Титаренко;Василина;Григорівна;Жіноча;04.01.2009;Єгер;селище Золотоноша;сквер Леоніда Осики, буд. 562 кв. 71, Дубно, 80240;081 022 85 22;cdavymuka@example.org
Гоголь-Яновська;Сніжана;Романівна;Жіноча;26.06.1994;Патологоанатом;хутір Новомиргород;набережна Бузковий, буд. 5 кв. 85, Белз, 34238;+380 98 584-52-94;hcharnysh@example.org
Гресь;Лариса;Ігорівна;Жіноча;26.01.1974;Мінералог;хутір Дніпрорудне;проспект Рівності 2-й, буд. 9, Кадіївка, 83228;496-51-71;jandriishyna@example.org
Бабійчук;Нестор;Володимирович;Чоловіча;06.10.1983;Економіст;хутір Мостиська;площа Обсерваторний, буд. 0, Миколаївка, 65675;057-55-40;ustym15@example.org
Овсієнко;Орина;Іванівна;Жіноча;10.07.1995;Вчитель;село Пирятин;сквер Кінна, буд. 970 кв. 0, Перевальськ, 63917;091 283 03 33;cmalyshko@example.org
Балабан;Павло;Степанович;Чоловіча;01.03.1964;Кур'єр;село Шаргород;набережна Заводська 2-га, буд. 71 кв. 64, Ковель, 13326;+380 (81) 281-68-77;xhaidenko@example.net
Колісниченко;Руслан;Васильович;Чоловіча;08.05.1948;Хімік;селище Попасна;провулок Братів Малакових, буд. 818, Жидачів, 75507;017 442-63-13;yhuk@example.com
Зінкевич;Софія;Ігорівна;Жіноча;27.03.2002;Кінорежисер;місто Гуляйполе;шосе Лінія 55-та, буд. 11 кв. 3, Татарбунари, 62444;+380 69 362 70 85;jkybkalo@example.net
Бараник;Лілія;Євгенівна;Жіноча;18.08.1997;Паблік рилейшнз;місто Харків;шосе Український 3-й, буд. 35 кв. 29, Фастів, 42195;+380 (17) 528-33-54;liza05@example.net
Сірченко;Юхим;Степанович;Чоловіча;03.05.1959;Паралегал;село Очаків;проспект Горбатий міст, буд. 064 кв. 723, Пологи, 94208;+380 24 897-99-19;oleksandrtymchenko@example.net
